Record Length,2500,Points,-55.999998003E-3,-200.00000298E-3,
Sample Interval,199.99999495E-6,s,-55.799998343E-3,-200.00000298E-3,
Trigger Point,279.99999709,Samples,-55.599998683E-3,-200.00000298E-3,
,,,-55.399999022E-3,-200.00000298E-3,
,,,-55.199999362E-3,-200.00000298E-3,
,,,-54.999999702E-3,-200.00000298E-3,
Source,CH1,,-54.799996316E-3,-200.00000298E-3,
Vertical Units,Volts,,-54.599996656E-3,-200.00000298E-3,
Vertical Scale,5.00000007,,-54.39999700E-3,-200.00000298E-3,
Vertical Offset,0,,-54.19999734E-3,-200.00000298E-3,
Horizontal Units,s,,-53.99999768E-3,-200.00000298E-3,
Horizontal Scale,49.99999874E-3,,-53.79999802E-3,-200.00000298E-3,
Pt Fmt,Y,,-53.59999835E-3,-200.00000298E-3,
Yzero,80.000000000E-3,,-53.39999869E-3,-200.00000298E-3,
Probe Atten,1.000000,,-53.19999903E-3,-200.00000298E-3,
,,,-52.99999937E-3,-200.00000298E-3,
Note,TDS 1002B - 22:53:42   29/07/2025,,-52.79999971E-3,-200.00000298E-3,
,,,-52.59999633E-3,-200.00000298E-3,
,,,-52.39999667E-3,-200.00000298E-3,
,,,-52.19999701E-3,-200.00000298E-3,
,,,-51.99999735E-3,-200.00000298E-3,
,,,-51.79999769E-3,-200.00000298E-3,
,,,-51.59999803E-3,-200.00000298E-3,
,,,-51.39999837E-3,-200.00000298E-3,
,,,-51.19999871E-3,-200.00000298E-3,
,,,-50.99999905E-3,-200.00000298E-3,
,,,-50.79999939E-3,-200.00000298E-3,
,,,-50.59999973E-3,-200.00000298E-3,
,,,-50.39999634E-3,-200.00000298E-3,
,,,-50.19999668E-3,-200.00000298E-3,
,,,-49.99999702E-3,-200.00000298E-3,
,,,-49.79999736E-3,-200.00000298E-3,
,,,-49.59999770E-3,-200.00000298E-3,
,,,-49.39999804E-3,-200.00000298E-3,
,,,-49.19999838E-3,-200.00000298E-3,
,,,-48.99999872E-3,-200.00000298E-3,
,,,-48.79999906E-3,-200.00000298E-3,
,,,-48.59999940E-3,-200.00000298E-3,
,,,-48.39999974E-3,-200.00000298E-3,
,,,-48.19999635E-3,-200.00000298E-3,
,,,-47.99999669E-3,-200.00000298E-3,
,,,-47.79999703E-3,-200.00000298E-3,
,,,-47.59999737E-3,-200.00000298E-3,
,,,-47.39999771E-3,-200.00000298E-3,
,,,-47.19999805E-3,-200.00000298E-3,
,,,-46.99999839E-3,-200.00000298E-3,
,,,-46.79999873E-3,-200.00000298E-3,
,,,-46.59999907E-3,-200.00000298E-3,
,,,-46.39999941E-3,-200.00000298E-3,
,,,-46.19999975E-3,-200.00000298E-3,
,,,-46.00000009E-3,-200.00000298E-3,
,,,-45.79999670E-3,-200.00000298E-3,
,,,-45.59999704E-3,-200.00000298E-3,
,,,-45.39999738E-3,-200.00000298E-3,
,,,-45.19999772E-3,-200.00000298E-3,
,,,-44.99999806E-3,-200.00000298E-3,
,,,-44.79999840E-3,-200.00000298E-3,
,,,-44.59999874E-3,-200.00000298E-3,
,,,-44.39999908E-3,-200.00000298E-3,
,,,-44.19999942E-3,-200.00000298E-3,
,,,-43.99999976E-3,-200.00000298E-3,
,,,-43.80000010E-3,-200.00000298E-3,
,,,-43.59999672E-3,-200.00000298E-3,
,,,-43.39999706E-3,-200.00000298E-3,
,,,-43.19999740E-3,-200.00000298E-3,
,,,-42.99999774E-3,-200.00000298E-3,
,,,-42.79999807E-3,-200.00000298E-3,
,,,-42.59999841E-3,-200.00000298E-3,
,,,-42.39999875E-3,-200.00000298E-3,
,,,-42.19999909E-3,-200.00000298E-3,
,,,-41.99999943E-3,-200.00000298E-3,
,,,-41.79999977E-3,-200.00000298E-3,
,,,-41.60000011E-3,-200.00000298E-3,
,,,-41.39999673E-3,-200.00000298E-3,
,,,-41.19999707E-3,-200.00000298E-3,
,,,-40.99999741E-3,-200.00000298E-3,
,,,-40.79999775E-3,0.0,
,,,-40.59999809E-3,-200.00000298E-3,
,,,-40.39999843E-3,-200.00000298E-3,
,,,-40.19999877E-3,-200.00000298E-3,
,,,-39.99999911E-3,-200.00000298E-3,
,,,-39.79999945E-3,-200.00000298E-3,
,,,-39.59999979E-3,-200.00000298E-3,
,,,-39.40000013E-3,-200.00000298E-3,
,,,-39.19999674E-3,-200.00000298E-3,
,,,-38.99999708E-3,-200.00000298E-3,
,,,-38.79999742E-3,-200.00000298E-3,
,,,-38.59999776E-3,-200.00000298E-3,
,,,-38.39999810E-3,-200.00000298E-3,
,,,-38.19999844E-3,-200.00000298E-3,
,,,-37.99999878E-3,-200.00000298E-3,
,,,-37.79999912E-3,-200.00000298E-3,
,,,-37.59999946E-3,-200.00000298E-3,
,,,-37.39999980E-3,-200.00000298E-3,
,,,-37.20000014E-3,-200.00000298E-3,
,,,-36.99999675E-3,-200.00000298E-3,
,,,-36.79999709E-3,-200.00000298E-3,
,,,-36.59999743E-3,-200.00000298E-3,
,,,-36.39999777E-3,-200.00000298E-3,
,,,-36.19999811E-3,-200.00000298E-3,
,,,-35.99999845E-3,-200.00000298E-3,
,,,-35.79999879E-3,-200.00000298E-3,
,,,-35.59999913E-3,-200.00000298E-3,
,,,-35.39999947E-3,-200.00000298E-3,
,,,-35.19999981E-3,-200.00000298E-3,
,,,-35.00000015E-3,-200.00000298E-3,
,,,-34.79999676E-3,-200.00000298E-3,
,,,-34.59999710E-3,-200.00000298E-3,
,,,-34.39999744E-3,-200.00000298E-3,
,,,-34.19999778E-3,-200.00000298E-3,
,,,-33.99999812E-3,-200.00000298E-3,
,,,-33.79999846E-3,-200.00000298E-3,
,,,-33.59999880E-3,-200.00000298E-3,
,,,-33.39999914E-3,-200.00000298E-3,
,,,-33.19999948E-3,-200.00000298E-3,
,,,-32.99999982E-3,-200.00000298E-3,
,,,-32.80000016E-3,-200.00000298E-3,
,,,-32.59999678E-3,-200.00000298E-3,
,,,-32.39999712E-3,-200.00000298E-3,
,,,-32.19999745E-3,-200.00000298E-3,
,,,-31.99999779E-3,-200.00000298E-3,
,,,-31.79999813E-3,-200.00000298E-3,
,,,-31.59999847E-3,-200.00000298E-3,
,,,-31.39999881E-3,-200.00000298E-3,
,,,-31.19999915E-3,-200.00000298E-3,
,,,-30.99999949E-3,-200.00000298E-3,
,,,-30.79999797E-3,-200.00000298E-3,
,,,-30.59999831E-3,-200.00000298E-3,
,,,-30.39999865E-3,-200.00000298E-3,
,,,-30.19999899E-3,-200.00000298E-3,
,,,-29.99999933E-3,-200.00000298E-3,
,,,-29.79999781E-3,-200.00000298E-3,
,,,-29.59999815E-3,-200.00000298E-3,
,,,-29.39999849E-3,-200.00000298E-3,
,,,-29.19999883E-3,-200.00000298E-3,
,,,-28.99999917E-3,-200.00000298E-3,
,,,-28.79999951E-3,-200.00000298E-3,
,,,-28.59999798E-3,-200.00000298E-3,
,,,-28.39999832E-3,-200.00000298E-3,
,,,-28.19999866E-3,-200.00000298E-3,
,,,-27.99999900E-3,-200.00000298E-3,
,,,-27.79999934E-3,-200.00000298E-3,
,,,-27.59999782E-3,-200.00000298E-3,
,,,-27.39999816E-3,-200.00000298E-3,
,,,-27.19999850E-3,-200.00000298E-3,
,,,-26.99999884E-3,-200.00000298E-3,
,,,-26.79999918E-3,-200.00000298E-3,
,,,-26.59999952E-3,-200.00000298E-3,
,,,-26.39999799E-3,-200.00000298E-3,
,,,-26.19999833E-3,-200.00000298E-3,
,,,-25.99999867E-3,-200.00000298E-3,
,,,-25.79999901E-3,-200.00000298E-3,
,,,-25.59999935E-3,-200.00000298E-3,
,,,-25.39999969E-3,-200.00000298E-3,
,,,-25.19999817E-3,-200.00000298E-3,
,,,-24.99999851E-3,-200.00000298E-3,
,,,-24.79999885E-3,-200.00000298E-3,
,,,-24.59999919E-3,-200.00000298E-3,
,,,-24.39999953E-3,-200.00000298E-3,
,,,-24.19999801E-3,0.0,
,,,-23.99999835E-3,-200.00000298E-3,
,,,-23.79999869E-3,-200.00000298E-3,
,,,-23.59999903E-3,-200.00000298E-3,
,,,-23.39999937E-3,-200.00000298E-3,
,,,-23.19999970E-3,-200.00000298E-3,
,,,-22.99999818E-3,-200.00000298E-3,
,,,-22.79999852E-3,-200.00000298E-3,
,,,-22.59999886E-3,-200.00000298E-3,
,,,-22.39999920E-3,-200.00000298E-3,
,,,-22.19999954E-3,-200.00000298E-3,
,,,-21.99999802E-3,-200.00000298E-3,
,,,-21.79999836E-3,-200.00000298E-3,
,,,-21.59999870E-3,-200.00000298E-3,
,,,-21.39999904E-3,-200.00000298E-3,
,,,-21.19999938E-3,-200.00000298E-3,
,,,-20.99999972E-3,-200.00000298E-3,
,,,-20.79999819E-3,-200.00000298E-3,
,,,-20.59999853E-3,-200.00000298E-3,
,,,-20.39999887E-3,-200.00000298E-3,
,,,-20.19999921E-3,-200.00000298E-3,
,,,-19.9999996E-3,-200.00000298E-3,
,,,-19.7999980E-3,-200.00000298E-3,
,,,-19.5999984E-3,-200.00000298E-3,
,,,-19.3999987E-3,-200.00000298E-3,
,,,-19.1999990E-3,-200.00000298E-3,
,,,-18.9999994E-3,-200.00000298E-3,
,,,-18.7999997E-3,-200.00000298E-3,
,,,-18.5999982E-3,-200.00000298E-3,
,,,-18.3999985E-3,-200.00000298E-3,
,,,-18.1999989E-3,-200.00000298E-3,
,,,-17.9999992E-3,-200.00000298E-3,
,,,-17.7999996E-3,-200.00000298E-3,
,,,-17.5999999E-3,-200.00000298E-3,
,,,-17.3999984E-3,-200.00000298E-3,
,,,-17.1999987E-3,-200.00000298E-3,
,,,-16.9999991E-3,-200.00000298E-3,
,,,-16.7999994E-3,400.00000596E-3,
,,,-16.5999997E-3,200.00000298E-3,
,,,-16.3999982E-3,0.0,
,,,-16.1999986E-3,-200.00000298E-3,
,,,-15.9999989E-3,-200.00000298E-3,
,,,-15.7999992E-3,-200.00000298E-3,
,,,-15.5999986E-3,0.0,
,,,-15.3999990E-3,0.0,
,,,-15.1999993E-3,-200.00000298E-3,
,,,-14.9999987E-3,-200.00000298E-3,
,,,-14.7999991E-3,0.0,
,,,-14.5999994E-3,0.0,
,,,-14.3999988E-3,-200.00000298E-3,
,,,-14.1999992E-3,-200.00000298E-3,
,,,-13.9999995E-3,-200.00000298E-3,
,,,-13.7999989E-3,-200.00000298E-3,
,,,-13.5999992E-3,0.0,
,,,-13.3999987E-3,-200.00000298E-3,
,,,-13.1999990E-3,-200.00000298E-3,
,,,-12.9999993E-3,-200.00000298E-3,
,,,-12.7999987E-3,-200.00000298E-3,
,,,-12.5999991E-3,-200.00000298E-3,
,,,-12.3999994E-3,-200.00000298E-3,
,,,-12.1999988E-3,0.0,
,,,-11.9999992E-3,-200.00000298E-3,
,,,-11.7999995E-3,-200.00000298E-3,
,,,-11.5999989E-3,-200.00000298E-3,
,,,-11.3999993E-3,-200.00000298E-3,
,,,-11.1999996E-3,-200.00000298E-3,
,,,-10.9999990E-3,-200.00000298E-3,
,,,-10.7999993E-3,-200.00000298E-3,
,,,-10.5999988E-3,-200.00000298E-3,
,,,-10.3999991E-3,-200.00000298E-3,
,,,-10.1999994E-3,-200.00000298E-3,
,,,-9.999998845E-3,-200.00000298E-3,
,,,-9.799999185E-3,-200.00000298E-3,
,,,-9.599999525E-3,0.0,
,,,-9.399998933E-3,-200.00000298E-3,
,,,-9.199999273E-3,-200.00000298E-3,
,,,-8.999999613E-3,-200.00000298E-3,
,,,-8.799999021E-3,-200.00000298E-3,
,,,-8.599999361E-3,0.0,
,,,-8.399998769E-3,-200.00000298E-3,
,,,-8.199999109E-3,0.0,
,,,-7.999999449E-3,-200.00000298E-3,
,,,-7.799999323E-3,-200.00000298E-3,
,,,-7.599999197E-3,-200.00000298E-3,
,,,-7.399999071E-3,-200.00000298E-3,
,,,-7.19999941E-3,-200.00000298E-3,
,,,-6.99999928E-3,0.0,
,,,-6.79999916E-3,-200.00000298E-3,
,,,-6.59999903E-3,-200.00000298E-3,
,,,-6.39999937E-3,-200.00000298E-3,
,,,-6.19999925E-3,-200.00000298E-3,
,,,-5.99999912E-3,0.0,
,,,-5.79999946E-3,-200.00000298E-3,
,,,-5.59999933E-3,0.0,
,,,-5.39999921E-3,0.0,
,,,-5.19999908E-3,-200.00000298E-3,
,,,-4.99999942E-3,0.0,
,,,-4.79999930E-3,-200.00000298E-3,
,,,-4.59999917E-3,-200.00000298E-3,
,,,-4.39999951E-3,0.0,
,,,-4.19999938E-3,-200.00000298E-3,
,,,-3.99999926E-3,0.0,
,,,-3.79999937E-3,0.0,
,,,-3.59999924E-3,-200.00000298E-3,
,,,-3.39999935E-3,-200.00000298E-3,
,,,-3.19999922E-3,-200.00000298E-3,
,,,-2.99999933E-3,0.0,
,,,-2.79999943E-3,-200.00000298E-3,
,,,-2.5999993E-3,-200.00000298E-3,
,,,-2.3999994E-3,-200.00000298E-3,
,,,-2.1999993E-3,0.0,
,,,-1.9999994E-3,0.0,
,,,-1.7999994E-3,-200.00000298E-3,
,,,-1.5999994E-3,-200.00000298E-3,
,,,-1.3999994E-3,-200.00000298E-3,
,,,-1.1999994E-3,-200.00000298E-3,
,,,-999.999349006E-6,0.0,
,,,-799.999397714E-6,-200.00000298E-3,
,,,-599.999388214E-6,0.0,
,,,-399.99940782E-6,0.0,
,,,-199.99941287E-6,0.0,
,,,582.076606750E-12,9.800000191,
,,,200.00057702E-6,7.800000191,
,,,400.00057197E-6,7.599999905,
,,,600.000552367E-6,8.199999809,
,,,800.000561867E-6,8.199999809,
,,,1.0000005E-3,8.199999809,
,,,1.2000005E-3,8.199999809,
,,,1.4000005E-3,8.199999809,
,,,1.6000005E-3,8.199999809,
,,,1.8000006E-3,8.000000000,
,,,2.0000006E-3,8.000000000,
,,,2.2000005E-3,8.000000000,
,,,2.4000006E-3,8.000000000,
,,,2.6000005E-3,8.000000000,
,,,2.80000060E-3,8.600000381,
,,,3.00000049E-3,8.600000381,
,,,3.20000062E-3,8.600000381,
,,,3.40000051E-3,8.600000381,
,,,3.60000040E-3,8.600000381,
,,,3.80000053E-3,8.800000191,
,,,4.00000066E-3,8.600000381,
,,,4.20000032E-3,8.800000191,
,,,4.40000044E-3,8.800000191,
,,,4.60000057E-3,8.800000191,
,,,4.80000023E-3,8.800000191,
,,,5.00000035E-3,8.800000191,
,,,5.20000048E-3,8.800000191,
,,,5.40000061E-3,9.000000000,
,,,5.60000027E-3,9.000000000,
,,,5.80000039E-3,9.000000000,
,,,6.00000052E-3,9.000000000,
,,,6.20000064E-3,9.000000000,
,,,6.40000030E-3,9.199999809,
,,,6.60000043E-3,9.199999809,
,,,6.80000056E-3,9.199999809,
,,,7.00000022E-3,9.199999809,
,,,7.20000034E-3,9.199999809,
,,,7.400000468E-3,9.199999809,
,,,7.600000594E-3,9.199999809,
,,,7.800000254E-3,9.199999809,
,,,8.000000380E-3,9.199999809,
,,,8.200000040E-3,9.400000572,
,,,8.400000632E-3,9.400000572,
,,,8.600000292E-3,9.400000572,
,,,8.799999952E-3,9.400000572,
,,,9.000000544E-3,9.400000572,
,,,9.200000204E-3,9.400000572,
,,,9.400000796E-3,9.600000381,
,,,9.600000456E-3,9.600000381,
,,,9.800000116E-3,9.600000381,
,,,10.0000007E-3,9.600000381,
,,,10.2000004E-3,9.600000381,
,,,10.4000000E-3,9.600000381,
,,,10.6000006E-3,9.600000381,
,,,10.8000003E-3,9.600000381,
,,,10.9999999E-3,9.600000381,
,,,11.2000005E-3,9.600000381,
,,,11.4000002E-3,9.600000381,
,,,11.5999999E-3,9.600000381,
,,,11.8000004E-3,9.600000381,
,,,12.0000001E-3,9.600000381,
,,,12.2000007E-3,9.800000191,
,,,12.4000004E-3,9.800000191,
,,,12.6000000E-3,9.800000191,
,,,12.8000006E-3,9.800000191,
,,,13.0000003E-3,9.800000191,
,,,13.1999999E-3,9.800000191,
,,,13.4000005E-3,9.800000191,
,,,13.6000002E-3,10.0000000,
,,,13.7999998E-3,10.0000000,
,,,14.0000004E-3,9.800000191,
,,,14.2000001E-3,10.0000000,
,,,14.3999998E-3,10.0000000,
,,,14.6000003E-3,10.0000000,
,,,14.8000000E-3,10.0000000,
,,,15.0000006E-3,10.0000000,
,,,15.2000003E-3,10.1999998,
,,,15.3999999E-3,10.0000000,
,,,15.6000005E-3,10.0000000,
,,,15.8000011E-3,10.1999998,
,,,16.0000008E-3,10.1999998,
,,,16.2000004E-3,10.1999998,
,,,16.4000001E-3,10.1999998,
,,,16.5999997E-3,10.1999998,
,,,16.7999994E-3,10.1999998,
,,,17.0000009E-3,10.1999998,
,,,17.2000006E-3,10.1999998,
,,,17.4000002E-3,10.1999998,
,,,17.5999999E-3,10.1999998,
,,,17.7999996E-3,10.1999998,
,,,17.9999992E-3,10.4000006,
,,,18.2000007E-3,10.1999998,
,,,18.4000004E-3,10.4000006,
,,,18.6000001E-3,10.4000006,
,,,18.7999997E-3,10.4000006,
,,,18.9999994E-3,10.4000006,
,,,19.2000009E-3,10.4000006,
,,,19.4000006E-3,10.4000006,
,,,19.6000002E-3,10.4000006,
,,,19.7999999E-3,10.4000006,
,,,19.9999996E-3,10.4000006,
,,,20.19999921E-3,10.4000006,
,,,20.40000074E-3,10.6000004,
,,,20.60000040E-3,10.6000004,
,,,20.80000006E-3,10.6000004,
,,,20.99999972E-3,10.6000004,
,,,21.19999938E-3,10.6000004,
,,,21.40000090E-3,10.6000004,
,,,21.60000056E-3,10.6000004,
,,,21.80000022E-3,10.6000004,
,,,21.99999988E-3,10.6000004,
,,,22.19999954E-3,10.6000004,
,,,22.39999920E-3,10.8000002,
,,,22.60000072E-3,10.6000004,
,,,22.80000038E-3,10.6000004,
,,,23.00000004E-3,10.8000002,
,,,23.19999970E-3,10.8000002,
,,,23.39999937E-3,10.8000002,
,,,23.60000089E-3,10.8000002,
,,,23.80000055E-3,10.8000002,
,,,24.00000021E-3,10.8000002,
,,,24.19999987E-3,10.8000002,
,,,24.39999953E-3,10.8000002,
,,,24.59999919E-3,10.8000002,
,,,24.80000071E-3,10.8000002,
,,,25.00000037E-3,10.8000002,
,,,25.20000003E-3,11.0000000,
,,,25.39999969E-3,10.8000002,
,,,25.59999935E-3,10.8000002,
,,,25.79999901E-3,10.8000002,
,,,26.00000054E-3,10.8000002,
,,,26.20000020E-3,11.0000000,
,,,26.39999986E-3,11.0000000,
,,,26.59999952E-3,11.0000000,
,,,26.79999918E-3,11.0000000,
,,,27.00000070E-3,11.0000000,
,,,27.20000036E-3,11.0000000,
,,,27.40000002E-3,11.0000000,
,,,27.59999968E-3,11.0000000,
,,,27.79999934E-3,11.0000000,
,,,27.99999900E-3,11.0000000,
,,,28.20000052E-3,11.0000000,
,,,28.40000018E-3,11.0000000,
,,,28.59999985E-3,11.0000000,
,,,28.79999951E-3,11.0000000,
,,,28.99999917E-3,11.0000000,
,,,29.20000069E-3,11.0000000,
,,,29.40000035E-3,11.0000000,
,,,29.60000001E-3,11.1999998,
,,,29.79999967E-3,11.1999998,
,,,29.99999933E-3,11.1999998,
,,,30.19999899E-3,11.1999998,
,,,30.40000051E-3,11.1999998,
,,,30.60000017E-3,11.0000000,
,,,30.79999983E-3,11.0000000,
,,,30.99999949E-3,11.1999998,
,,,31.19999915E-3,11.1999998,
,,,31.39999881E-3,11.1999998,
,,,31.59999847E-3,11.1999998,
,,,31.79999813E-3,11.1999998,
,,,32.00000152E-3,11.1999998,
,,,32.20000118E-3,11.1999998,
,,,32.40000084E-3,11.1999998,
,,,32.60000050E-3,11.1999998,
,,,32.80000016E-3,11.4000006,
,,,32.99999982E-3,11.1999998,
,,,33.19999948E-3,11.1999998,
,,,33.39999914E-3,11.1999998,
,,,33.59999880E-3,11.1999998,
,,,33.79999846E-3,11.4000006,
,,,33.99999812E-3,11.1999998,
,,,34.20000151E-3,11.4000006,
,,,34.40000117E-3,11.4000006,
,,,34.60000083E-3,11.4000006,
,,,34.80000049E-3,11.4000006,
,,,35.00000015E-3,11.4000006,
,,,35.19999981E-3,11.4000006,
,,,35.39999947E-3,11.4000006,
,,,35.59999913E-3,11.4000006,
,,,35.79999879E-3,11.4000006,
,,,35.99999845E-3,11.4000006,
,,,36.19999811E-3,11.4000006,
,,,36.40000150E-3,11.6000004,
,,,36.60000116E-3,11.4000006,
,,,36.80000082E-3,11.6000004,
,,,37.00000048E-3,11.4000006,
,,,37.20000014E-3,11.6000004,
,,,37.39999980E-3,11.6000004,
,,,37.59999946E-3,11.6000004,
,,,37.79999912E-3,11.6000004,
,,,37.99999878E-3,11.6000004,
,,,38.19999844E-3,11.6000004,
,,,38.39999810E-3,11.6000004,
,,,38.59999776E-3,11.6000004,
,,,38.80000114E-3,11.6000004,
,,,39.00000080E-3,11.6000004,
,,,39.20000046E-3,11.6000004,
,,,39.40000013E-3,11.6000004,
,,,39.59999979E-3,11.6000004,
,,,39.79999945E-3,11.6000004,
,,,39.99999911E-3,11.6000004,
,,,40.19999877E-3,11.6000004,
,,,40.39999843E-3,11.6000004,
,,,40.59999809E-3,11.8000002,
,,,40.79999775E-3,11.8000002,
,,,41.00000113E-3,11.6000004,
,,,41.20000079E-3,11.8000002,
,,,41.40000045E-3,11.8000002,
,,,41.60000011E-3,11.8000002,
,,,41.79999977E-3,11.8000002,
,,,41.99999943E-3,11.8000002,
,,,42.19999909E-3,11.8000002,
,,,42.39999875E-3,11.8000002,
,,,42.59999841E-3,11.8000002,
,,,42.79999807E-3,11.8000002,
,,,42.99999774E-3,11.8000002,
,,,43.20000112E-3,11.8000002,
,,,43.40000078E-3,11.8000002,
,,,43.60000044E-3,11.8000002,
,,,43.80000010E-3,11.8000002,
,,,43.99999976E-3,11.8000002,
,,,44.19999942E-3,11.8000002,
,,,44.39999908E-3,11.8000002,
,,,44.59999874E-3,11.8000002,
,,,44.79999840E-3,12.0000000,
,,,44.99999806E-3,11.8000002,
,,,45.19999772E-3,11.8000002,
,,,45.40000111E-3,11.8000002,
,,,45.60000077E-3,11.8000002,
,,,45.80000043E-3,12.0000000,
,,,46.00000009E-3,11.8000002,
,,,46.19999975E-3,11.8000002,
,,,46.39999941E-3,12.0000000,
,,,46.59999907E-3,12.0000000,
,,,46.79999873E-3,12.0000000,
,,,46.99999839E-3,12.0000000,
,,,47.19999805E-3,12.0000000,
,,,47.39999771E-3,12.0000000,
,,,47.60000110E-3,12.0000000,
,,,47.80000076E-3,12.0000000,
,,,48.00000042E-3,12.0000000,
,,,48.20000008E-3,12.0000000,
,,,48.39999974E-3,12.0000000,
,,,48.59999940E-3,12.0000000,
,,,48.79999906E-3,12.0000000,
,,,48.99999872E-3,12.0000000,
,,,49.19999838E-3,12.0000000,
,,,49.39999804E-3,12.0000000,
,,,49.59999770E-3,12.0000000,
,,,49.80000108E-3,12.0000000,
,,,50.00000075E-3,12.1999998,
,,,50.20000041E-3,12.1999998,
,,,50.40000007E-3,12.0000000,
,,,50.59999973E-3,12.1999998,
,,,50.79999939E-3,12.1999998,
,,,50.99999905E-3,12.0000000,
,,,51.19999871E-3,12.0000000,
,,,51.39999837E-3,12.1999998,
,,,51.59999803E-3,12.0000000,
,,,51.79999769E-3,12.1999998,
,,,52.00000107E-3,12.1999998,
,,,52.20000073E-3,12.1999998,
,,,52.40000039E-3,12.1999998,
,,,52.60000005E-3,12.1999998,
,,,52.79999971E-3,12.1999998,
,,,52.99999937E-3,12.1999998,
,,,53.19999903E-3,12.1999998,
,,,53.39999869E-3,12.1999998,
,,,53.59999835E-3,12.1999998,
,,,53.79999802E-3,12.1999998,
,,,53.99999768E-3,12.1999998,
,,,54.20000106E-3,12.1999998,
,,,54.40000072E-3,12.1999998,
,,,54.600000381E-3,12.1999998,
,,,54.800000042E-3,12.1999998,
,,,54.999999702E-3,12.1999998,
,,,55.199999362E-3,12.1999998,
,,,55.399999022E-3,12.1999998,
,,,55.599998683E-3,12.1999998,
,,,55.799998343E-3,12.1999998,
,,,55.999998003E-3,12.1999998,
,,,56.199997663E-3,12.1999998,
,,,56.399997324E-3,12.1999998,
,,,56.600000709E-3,12.1999998,
,,,56.800000370E-3,12.1999998,
,,,57.000000030E-3,12.1999998,
,,,57.199999690E-3,12.1999998,
,,,57.399999350E-3,12.1999998,
,,,57.599999011E-3,12.4000006,
,,,57.799998671E-3,12.4000006,
,,,57.999998331E-3,12.1999998,
,,,58.199997991E-3,12.1999998,
,,,58.399997652E-3,12.4000006,
,,,58.599997312E-3,12.1999998,
,,,58.800000697E-3,12.4000006,
,,,59.000000358E-3,12.4000006,
,,,59.200000018E-3,12.4000006,
,,,59.399999678E-3,12.4000006,
,,,59.599999338E-3,12.4000006,
,,,59.799998999E-3,12.4000006,
,,,59.999998659E-3,12.1999998,
,,,60.199998319E-3,12.4000006,
,,,60.399997979E-3,12.4000006,
,,,60.599997640E-3,12.4000006,
,,,60.799997300E-3,12.4000006,
,,,61.000000685E-3,12.4000006,
,,,61.200000346E-3,12.4000006,
,,,61.400000006E-3,12.4000006,
,,,61.599999666E-3,12.4000006,
,,,61.799999326E-3,12.4000006,
,,,61.999998987E-3,12.4000006,
,,,62.199998647E-3,12.4000006,
,,,62.399998307E-3,12.4000006,
,,,62.600001693E-3,12.4000006,
,,,62.799997628E-3,12.4000006,
,,,63.000001013E-3,12.4000006,
,,,63.199996948E-3,12.4000006,
,,,63.400000334E-3,12.4000006,
,,,63.599996269E-3,12.4000006,
,,,63.799999654E-3,12.6000004,
,,,63.999995589E-3,12.6000004,
,,,64.199998975E-3,12.4000006,
,,,64.400002360E-3,12.6000004,
,,,64.599998295E-3,12.4000006,
,,,64.800001681E-3,12.6000004,
,,,64.999997616E-3,12.4000006,
,,,65.200001001E-3,12.6000004,
,,,65.399996936E-3,12.4000006,
,,,65.600000322E-3,12.6000004,
,,,65.799996257E-3,12.6000004,
,,,65.999999642E-3,12.6000004,
,,,66.199995577E-3,12.4000006,
,,,66.399998963E-3,12.6000004,
,,,66.600002348E-3,12.6000004,
,,,66.799998283E-3,12.6000004,
,,,67.000001669E-3,12.6000004,
,,,67.199997604E-3,12.6000004,
,,,67.400000989E-3,12.6000004,
,,,67.599996924E-3,12.6000004,
,,,67.800000310E-3,12.6000004,
,,,67.999996245E-3,12.6000004,
,,,68.199999630E-3,12.6000004,
,,,68.399995565E-3,12.6000004,
,,,68.599998951E-3,12.6000004,
,,,68.800002337E-3,12.6000004,
,,,68.999998271E-3,12.6000004,
,,,69.200001657E-3,12.6000004,
,,,69.399997592E-3,12.6000004,
,,,69.600000978E-3,12.6000004,
,,,69.799996912E-3,12.6000004,
,,,70.000000298E-3,12.6000004,
,,,70.199996233E-3,12.6000004,
,,,70.399999619E-3,12.6000004,
,,,70.599995553E-3,12.6000004,
,,,70.799998939E-3,12.6000004,
,,,71.000002325E-3,12.6000004,
,,,71.199998260E-3,12.6000004,
,,,71.400001645E-3,12.6000004,
,,,71.599997580E-3,12.6000004,
,,,71.800000966E-3,12.8000002,
,,,71.999996901E-3,12.6000004,
,,,72.200000286E-3,12.6000004,
,,,72.399996221E-3,12.6000004,
,,,72.599999607E-3,12.6000004,
,,,72.799995542E-3,12.6000004,
,,,72.999998927E-3,12.8000002,
,,,73.200002313E-3,12.6000004,
,,,73.399998248E-3,12.6000004,
,,,73.600001633E-3,12.8000002,
,,,73.799997568E-3,12.8000002,
,,,74.000000954E-3,12.8000002,
,,,74.199996889E-3,12.8000002,
,,,74.400000274E-3,12.8000002,
,,,74.599996209E-3,12.8000002,
,,,74.799999595E-3,12.8000002,
,,,74.999995530E-3,12.8000002,
,,,75.199998915E-3,12.8000002,
,,,75.400002301E-3,12.8000002,
,,,75.599998236E-3,12.8000002,
,,,75.800001621E-3,12.8000002,
,,,75.999997556E-3,12.8000002,
,,,76.200000942E-3,12.8000002,
,,,76.399996877E-3,12.8000002,
,,,76.600000262E-3,12.8000002,
,,,76.799996197E-3,12.8000002,
,,,76.999999583E-3,12.8000002,
,,,77.199995518E-3,12.8000002,
,,,77.399998903E-3,12.8000002,
,,,77.600002289E-3,12.8000002,
,,,77.799998224E-3,12.8000002,
,,,78.000001609E-3,12.8000002,
,,,78.199997544E-3,12.8000002,
,,,78.400000930E-3,12.8000002,
,,,78.599996865E-3,12.8000002,
,,,78.800000250E-3,12.8000002,
,,,78.999996185E-3,12.8000002,
,,,79.199999571E-3,12.8000002,
,,,79.399995506E-3,12.8000002,
,,,79.599998891E-3,12.8000002,
,,,79.800002277E-3,12.8000002,
,,,79.999998212E-3,12.8000002,
,,,80.200001597E-3,12.8000002,
,,,80.399997532E-3,12.8000002,
,,,80.600000918E-3,12.8000002,
,,,80.799996853E-3,12.8000002,
,,,81.000000238E-3,12.8000002,
,,,81.199996173E-3,12.8000002,
,,,81.399999559E-3,12.8000002,
,,,81.599995494E-3,12.8000002,
,,,81.799998879E-3,12.8000002,
,,,81.999994814E-3,12.8000002,
,,,82.199998200E-3,12.8000002,
,,,82.400001585E-3,12.8000002,
,,,82.599997520E-3,12.8000002,
,,,82.800000906E-3,12.8000002,
,,,82.999996841E-3,12.8000002,
,,,83.200000226E-3,12.8000002,
,,,83.399996161E-3,12.8000002,
,,,83.599999547E-3,12.8000002,
,,,83.799995482E-3,12.8000002,
,,,83.999998868E-3,12.8000002,
,,,84.199994802E-3,12.8000002,
,,,84.399998188E-3,12.8000002,
,,,84.600001574E-3,13.0000000,
,,,84.799997509E-3,12.8000002,
,,,85.000000894E-3,13.0000000,
,,,85.199996829E-3,13.0000000,
,,,85.400000215E-3,12.8000002,
,,,85.599996150E-3,13.0000000,
,,,85.799999535E-3,13.0000000,
,,,85.999995470E-3,12.8000002,
,,,86.199998856E-3,13.0000000,
,,,86.399994791E-3,13.0000000,
,,,86.599998176E-3,13.0000000,
,,,86.800001562E-3,13.0000000,
,,,86.999997497E-3,13.0000000,
,,,87.200000882E-3,12.8000002,
,,,87.399996817E-3,13.0000000,
,,,87.600000203E-3,13.0000000,
,,,87.799996138E-3,13.0000000,
,,,87.999999523E-3,13.0000000,
,,,88.199995458E-3,13.0000000,
,,,88.399998844E-3,13.0000000,
,,,88.599994779E-3,13.0000000,
,,,88.799998164E-3,13.0000000,
,,,89.000001550E-3,13.0000000,
,,,89.199997485E-3,13.0000000,
,,,89.400000870E-3,12.8000002,
,,,89.599996805E-3,13.0000000,
,,,89.800000191E-3,13.0000000,
,,,89.999996126E-3,13.0000000,
,,,90.199999511E-3,13.0000000,
,,,90.399995446E-3,13.0000000,
,,,90.599998832E-3,13.0000000,
,,,90.799994767E-3,13.0000000,
,,,90.999998152E-3,13.0000000,
,,,91.200001538E-3,13.0000000,
,,,91.399997473E-3,13.0000000,
,,,91.600000858E-3,13.0000000,
,,,91.799996793E-3,13.0000000,
,,,92.000000179E-3,13.0000000,
,,,92.199996114E-3,13.0000000,
,,,92.399999499E-3,13.0000000,
,,,92.599995434E-3,13.0000000,
,,,92.799998820E-3,13.0000000,
,,,92.999994755E-3,13.0000000,
,,,93.199998140E-3,13.0000000,
,,,93.400001526E-3,13.0000000,
,,,93.599997461E-3,13.0000000,
,,,93.800000846E-3,13.0000000,
,,,93.999996781E-3,13.1999998,
,,,94.200000167E-3,13.0000000,
,,,94.399996102E-3,13.0000000,
,,,94.599999487E-3,13.0000000,
,,,94.799995422E-3,13.1999998,
,,,94.999998808E-3,13.0000000,
,,,95.199994743E-3,13.0000000,
,,,95.399998128E-3,13.0000000,
,,,95.600001514E-3,13.0000000,
,,,95.799997449E-3,13.1999998,
,,,96.000000834E-3,13.0000000,
,,,96.199996769E-3,13.0000000,
,,,96.400000155E-3,13.0000000,
,,,96.599996090E-3,13.0000000,
,,,96.799999475E-3,13.0000000,
,,,96.999995410E-3,13.0000000,
,,,97.199998796E-3,13.0000000,
,,,97.399994731E-3,13.0000000,
,,,97.599998116E-3,13.0000000,
,,,97.800001502E-3,13.1999998,
,,,97.999997437E-3,13.0000000,
,,,98.200000823E-3,13.0000000,
,,,98.399996758E-3,13.0000000,
,,,98.600000143E-3,13.0000000,
,,,98.799996078E-3,13.1999998,
,,,98.999999464E-3,13.1999998,
,,,99.199995399E-3,13.1999998,
,,,99.399998784E-3,13.0000000,
,,,99.599994719E-3,13.1999998,
,,,99.799998105E-3,13.0000000,
,,,100.0000015E-3,13.0000000,
,,,100.1999974E-3,13.0000000,
,,,100.4000008E-3,13.0000000,
,,,100.5999967E-3,13.1999998,
,,,100.8000001E-3,13.0000000,
,,,100.9999961E-3,13.0000000,
,,,101.1999995E-3,13.0000000,
,,,101.3999954E-3,13.1999998,
,,,101.5999988E-3,13.1999998,
,,,101.7999947E-3,13.1999998,
,,,101.9999981E-3,13.1999998,
,,,102.2000015E-3,13.1999998,
,,,102.3999974E-3,13.1999998,
,,,102.6000008E-3,13.1999998,
,,,102.7999967E-3,13.1999998,
,,,103.0000001E-3,13.1999998,
,,,103.1999961E-3,13.1999998,
,,,103.3999994E-3,13.1999998,
,,,103.5999954E-3,13.1999998,
,,,103.7999988E-3,13.1999998,
,,,103.9999947E-3,13.1999998,
,,,104.1999981E-3,13.0000000,
,,,104.4000015E-3,13.1999998,
,,,104.5999974E-3,13.1999998,
,,,104.8000008E-3,13.1999998,
,,,104.9999967E-3,13.1999998,
,,,105.2000001E-3,13.1999998,
,,,105.3999960E-3,13.1999998,
,,,105.5999994E-3,13.1999998,
,,,105.7999954E-3,13.1999998,
,,,105.9999987E-3,13.1999998,
,,,106.1999947E-3,13.1999998,
,,,106.3999981E-3,13.1999998,
,,,106.6000015E-3,13.1999998,
,,,106.7999974E-3,13.0000000,
,,,107.0000008E-3,13.1999998,
,,,107.1999967E-3,13.1999998,
,,,107.4000001E-3,13.1999998,
,,,107.5999960E-3,13.1999998,
,,,107.7999994E-3,13.1999998,
,,,107.9999954E-3,13.1999998,
,,,108.1999987E-3,13.1999998,
,,,108.3999947E-3,13.1999998,
,,,108.5999981E-3,13.1999998,
,,,108.8000014E-3,13.1999998,
,,,108.9999974E-3,13.1999998,
,,,109.2000008E-3,13.1999998,
,,,109.3999967E-3,13.1999998,
,,,109.6000001E-3,13.1999998,
,,,109.7999960E-3,13.1999998,
,,,109.9999994E-3,13.1999998,
,,,110.1999953E-3,13.1999998,
,,,110.3999987E-3,13.1999998,
,,,110.5999947E-3,13.1999998,
,,,110.7999980E-3,13.1999998,
,,,111.0000014E-3,13.1999998,
,,,111.1999974E-3,13.1999998,
,,,111.4000008E-3,13.1999998,
,,,111.5999967E-3,13.1999998,
,,,111.8000001E-3,13.1999998,
,,,111.9999960E-3,13.1999998,
,,,112.1999994E-3,13.1999998,
,,,112.3999953E-3,13.1999998,
,,,112.5999987E-3,13.1999998,
,,,112.7999946E-3,13.1999998,
,,,112.9999980E-3,13.1999998,
,,,113.2000014E-3,13.1999998,
,,,113.3999974E-3,13.4000006,
,,,113.6000007E-3,13.1999998,
,,,113.7999967E-3,13.1999998,
,,,114.0000001E-3,13.1999998,
,,,114.1999960E-3,13.4000006,
,,,114.3999994E-3,13.1999998,
,,,114.5999953E-3,13.1999998,
,,,114.7999987E-3,13.1999998,
,,,114.9999946E-3,13.1999998,
,,,115.1999980E-3,13.4000006,
,,,115.3999940E-3,13.1999998,
,,,115.5999973E-3,13.1999998,
,,,115.8000007E-3,13.1999998,
,,,115.9999967E-3,13.1999998,
,,,116.2000000E-3,13.1999998,
,,,116.3999960E-3,13.1999998,
,,,116.5999994E-3,13.1999998,
,,,116.7999953E-3,13.1999998,
,,,116.9999987E-3,13.1999998,
,,,117.1999946E-3,13.1999998,
,,,117.3999980E-3,13.1999998,
,,,117.5999939E-3,13.1999998,
,,,117.7999973E-3,13.1999998,
,,,118.0000007E-3,13.1999998,
,,,118.1999967E-3,13.1999998,
,,,118.4000000E-3,13.1999998,
,,,118.5999960E-3,13.1999998,
,,,118.7999994E-3,13.1999998,
,,,118.9999953E-3,13.1999998,
,,,119.1999987E-3,13.1999998,
,,,119.3999946E-3,13.1999998,
,,,119.5999980E-3,13.1999998,
,,,119.7999939E-3,13.1999998,
,,,119.9999973E-3,13.1999998,
,,,120.2000007E-3,13.4000006,
,,,120.3999966E-3,13.1999998,
,,,120.6000000E-3,13.1999998,
,,,120.7999960E-3,13.1999998,
,,,120.9999993E-3,13.1999998,
,,,121.1999953E-3,13.1999998,
,,,121.3999987E-3,13.1999998,
,,,121.5999946E-3,13.1999998,
,,,121.7999980E-3,13.1999998,
,,,121.9999939E-3,13.1999998,
,,,122.1999973E-3,13.1999998,
,,,122.4000007E-3,13.1999998,
,,,122.5999966E-3,13.1999998,
,,,122.8000000E-3,13.1999998,
,,,122.9999959E-3,13.1999998,
,,,123.1999993E-3,13.4000006,
,,,123.3999953E-3,13.1999998,
,,,123.5999987E-3,13.1999998,
,,,123.7999946E-3,13.1999998,
,,,123.9999980E-3,13.1999998,
,,,124.1999939E-3,13.4000006,
,,,124.3999973E-3,13.4000006,
,,,124.6000007E-3,13.1999998,
,,,124.7999966E-3,13.1999998,
,,,125.0000000E-3,13.1999998,
,,,125.2000034E-3,13.1999998,
,,,125.3999919E-3,13.1999998,
,,,125.5999953E-3,13.1999998,
,,,125.7999986E-3,13.4000006,
,,,126.0000020E-3,13.4000006,
,,,126.1999905E-3,13.4000006,
,,,126.3999939E-3,13.4000006,
,,,126.5999973E-3,13.1999998,
,,,126.8000007E-3,13.1999998,
,,,127.0000041E-3,13.4000006,
,,,127.1999925E-3,13.4000006,
,,,127.3999959E-3,13.0000000,
,,,127.5999993E-3,13.0000000,
,,,127.8000027E-3,12.8000002,
,,,127.9999912E-3,12.6000004,
,,,128.1999946E-3,12.4000006,
,,,128.3999979E-3,12.1999998,
,,,128.6000013E-3,12.1999998,
,,,128.8000047E-3,12.1999998,
,,,128.9999932E-3,12.0000000,
,,,129.1999966E-3,12.0000000,
,,,129.4000000E-3,12.0000000,
,,,129.6000034E-3,12.0000000,
,,,129.7999918E-3,12.0000000,
,,,129.9999952E-3,12.0000000,
,,,130.1999986E-3,12.0000000,
,,,130.4000020E-3,12.0000000,
,,,130.5999905E-3,12.0000000,
,,,130.7999939E-3,12.0000000,
,,,130.9999973E-3,12.0000000,
,,,131.2000006E-3,12.0000000,
,,,131.4000040E-3,12.0000000,
,,,131.5999925E-3,12.0000000,
,,,131.7999959E-3,11.8000002,
,,,131.9999993E-3,12.0000000,
,,,132.2000027E-3,12.0000000,
,,,132.3999912E-3,12.0000000,
,,,132.5999945E-3,12.0000000,
,,,132.7999979E-3,12.0000000,
,,,133.0000013E-3,12.0000000,
,,,133.1999898E-3,12.0000000,
,,,133.3999932E-3,12.0000000,
,,,133.5999966E-3,12.0000000,
,,,133.8000000E-3,12.0000000,
,,,134.0000033E-3,12.0000000,
,,,134.1999918E-3,12.0000000,
,,,134.3999952E-3,12.0000000,
,,,134.5999986E-3,12.0000000,
,,,134.8000020E-3,12.0000000,
,,,134.9999905E-3,12.0000000,
,,,135.1999938E-3,12.0000000,
,,,135.3999972E-3,12.0000000,
,,,135.6000006E-3,12.0000000,
,,,135.8000040E-3,12.0000000,
,,,135.9999925E-3,12.0000000,
,,,136.1999959E-3,12.0000000,
,,,136.3999993E-3,12.0000000,
,,,136.6000026E-3,12.0000000,
,,,136.7999911E-3,12.0000000,
,,,136.9999945E-3,12.0000000,
,,,137.1999979E-3,12.0000000,
,,,137.4000013E-3,12.0000000,
,,,137.5999898E-3,12.0000000,
,,,137.7999932E-3,12.0000000,
,,,137.9999965E-3,12.0000000,
,,,138.1999999E-3,12.0000000,
,,,138.4000033E-3,12.0000000,
,,,138.5999918E-3,12.0000000,
,,,138.7999952E-3,12.0000000,
,,,138.9999986E-3,12.0000000,
,,,139.2000020E-3,12.0000000,
,,,139.3999904E-3,12.0000000,
,,,139.5999938E-3,12.0000000,
,,,139.7999972E-3,12.0000000,
,,,140.0000006E-3,12.0000000,
,,,140.2000040E-3,12.0000000,
,,,140.3999925E-3,12.0000000,
,,,140.5999959E-3,12.0000000,
,,,140.7999992E-3,12.0000000,
,,,141.0000026E-3,12.0000000,
,,,141.1999911E-3,12.0000000,
,,,141.3999945E-3,12.0000000,
,,,141.5999979E-3,12.0000000,
,,,141.8000013E-3,12.0000000,
,,,141.9999897E-3,12.0000000,
,,,142.1999931E-3,12.0000000,
,,,142.3999965E-3,12.0000000,
,,,142.5999999E-3,12.0000000,
,,,142.8000033E-3,12.0000000,
,,,142.9999918E-3,12.0000000,
,,,143.1999952E-3,12.0000000,
,,,143.3999985E-3,12.0000000,
,,,143.6000019E-3,12.0000000,
,,,143.7999904E-3,12.0000000,
,,,143.9999938E-3,12.0000000,
,,,144.1999972E-3,12.0000000,
,,,144.4000006E-3,12.0000000,
,,,144.6000040E-3,12.0000000,
,,,144.7999924E-3,12.0000000,
,,,144.9999958E-3,12.1999998,
,,,145.1999992E-3,12.0000000,
,,,145.4000026E-3,12.0000000,
,,,145.5999911E-3,12.0000000,
,,,145.7999945E-3,12.0000000,
,,,145.9999979E-3,12.0000000,
,,,146.2000012E-3,12.0000000,
,,,146.3999897E-3,12.0000000,
,,,146.5999931E-3,12.0000000,
,,,146.7999965E-3,12.0000000,
,,,146.9999999E-3,12.0000000,
,,,147.2000033E-3,12.0000000,
,,,147.3999918E-3,12.0000000,
,,,147.5999951E-3,12.0000000,
,,,147.7999985E-3,12.0000000,
,,,148.0000019E-3,12.0000000,
,,,148.1999904E-3,12.0000000,
,,,148.3999938E-3,12.0000000,
,,,148.59999716E-3,12.0000000,
,,,148.80000055E-3,12.0000000,
,,,149.00000393E-3,12.0000000,
,,,149.19999242E-3,12.0000000,
,,,149.39999580E-3,12.0000000,
,,,149.59999919E-3,12.0000000,
,,,149.80000257E-3,12.0000000,
,,,149.99999106E-3,12.0000000,
,,,150.19999444E-3,12.0000000,
,,,150.39999783E-3,12.0000000,
,,,150.60000122E-3,12.0000000,
,,,150.79998970E-3,12.0000000,
,,,150.99999309E-3,11.8000002,
,,,151.19999647E-3,12.0000000,
,,,151.39999986E-3,12.0000000,
,,,151.60000324E-3,12.0000000,
,,,151.79999173E-3,12.0000000,
,,,151.99999511E-3,12.0000000,
,,,152.19999850E-3,12.0000000,
,,,152.40000188E-3,12.0000000,
,,,152.59999037E-3,12.0000000,
,,,152.79999375E-3,12.0000000,
,,,152.99999714E-3,12.0000000,
,,,153.20000052E-3,12.0000000,
,,,153.40000391E-3,12.0000000,
,,,153.59999239E-3,12.0000000,
,,,153.79999578E-3,12.0000000,
,,,153.99999917E-3,12.0000000,
,,,154.20000255E-3,12.0000000,
,,,154.39999104E-3,12.0000000,
,,,154.59999442E-3,12.0000000,
,,,154.79999781E-3,12.0000000,
,,,155.00000119E-3,12.0000000,
,,,155.19998968E-3,12.0000000,
,,,155.39999306E-3,12.0000000,
,,,155.59999645E-3,12.0000000,
,,,155.79999983E-3,12.0000000,
,,,156.00000322E-3,12.0000000,
,,,156.19999170E-3,12.0000000,
,,,156.39999509E-3,12.0000000,
,,,156.59999847E-3,12.0000000,
,,,156.80000186E-3,12.0000000,
,,,156.99999034E-3,12.0000000,
,,,157.19999373E-3,12.0000000,
,,,157.39999712E-3,12.0000000,
,,,157.60000050E-3,12.0000000,
,,,157.80000389E-3,12.0000000,
,,,157.99999237E-3,12.0000000,
,,,158.19999576E-3,12.0000000,
,,,158.39999914E-3,12.0000000,
,,,158.60000253E-3,12.0000000,
,,,158.79999101E-3,12.0000000,
,,,158.99999440E-3,12.0000000,
,,,159.19999778E-3,12.0000000,
,,,159.40000117E-3,12.0000000,
,,,159.59998965E-3,12.0000000,
,,,159.79999304E-3,12.0000000,
,,,159.99999642E-3,12.0000000,
,,,160.19999981E-3,12.0000000,
,,,160.40000319E-3,12.0000000,
,,,160.59999168E-3,12.0000000,
,,,160.79999506E-3,12.0000000,
,,,160.99999845E-3,12.0000000,
,,,161.20000184E-3,12.0000000,
,,,161.39999032E-3,12.0000000,
,,,161.59999371E-3,12.0000000,
,,,161.79999709E-3,12.0000000,
,,,162.00000048E-3,12.0000000,
,,,162.20000386E-3,12.0000000,
,,,162.39999235E-3,12.0000000,
,,,162.59999573E-3,12.0000000,
,,,162.79999912E-3,12.0000000,
,,,163.00000250E-3,12.0000000,
,,,163.19999099E-3,12.0000000,
,,,163.39999437E-3,12.0000000,
,,,163.59999776E-3,12.0000000,
,,,163.80000114E-3,12.0000000,
,,,163.99998963E-3,12.0000000,
,,,164.19999301E-3,12.0000000,
,,,164.39999640E-3,12.0000000,
,,,164.59999979E-3,12.0000000,
,,,164.80000317E-3,12.0000000,
,,,164.99999166E-3,12.0000000,
,,,165.19999504E-3,12.0000000,
,,,165.39999843E-3,12.0000000,
,,,165.60000181E-3,12.0000000,
,,,165.79999030E-3,12.0000000,
,,,165.99999368E-3,12.0000000,
,,,166.19999707E-3,12.0000000,
,,,166.40000045E-3,12.0000000,
,,,166.59998894E-3,12.0000000,
,,,166.79999232E-3,12.0000000,
,,,166.99999571E-3,12.0000000,
,,,167.19999909E-3,12.0000000,
,,,167.40000248E-3,12.0000000,
,,,167.59999096E-3,12.0000000,
,,,167.79999435E-3,12.0000000,
,,,167.99999774E-3,12.0000000,
,,,168.20000112E-3,12.0000000,
,,,168.39998960E-3,12.0000000,
,,,168.59999299E-3,12.0000000,
,,,168.79999638E-3,12.0000000,
,,,168.99999976E-3,12.0000000,
,,,169.20000315E-3,12.0000000,
,,,169.39999163E-3,12.0000000,
,,,169.59999502E-3,12.0000000,
,,,169.79999840E-3,12.0000000,
,,,170.00000179E-3,12.0000000,
,,,170.19999027E-3,12.0000000,
,,,170.39999366E-3,12.0000000,
,,,170.59999704E-3,12.0000000,
,,,170.80000043E-3,12.0000000,
,,,170.99998891E-3,12.0000000,
,,,171.19999230E-3,12.0000000,
,,,171.39999568E-3,12.0000000,
,,,171.59999907E-3,12.0000000,
,,,171.80000246E-3,12.0000000,
,,,171.99999094E-3,12.0000000,
,,,172.19999433E-3,12.0000000,
,,,172.39999771E-3,12.0000000,
,,,172.60000110E-3,12.0000000,
,,,172.79998958E-3,12.0000000,
,,,172.99999297E-3,12.0000000,
,,,173.19999635E-3,12.0000000,
,,,173.39999974E-3,12.0000000,
,,,173.60000312E-3,12.0000000,
,,,173.79999161E-3,12.0000000,
,,,173.99999499E-3,12.0000000,
,,,174.19999838E-3,12.0000000,
,,,174.40000176E-3,12.0000000,
,,,174.59999025E-3,12.0000000,
,,,174.79999363E-3,12.0000000,
,,,174.99999702E-3,11.8000002,
,,,175.20000041E-3,12.0000000,
,,,175.39998889E-3,11.8000002,
,,,175.59999228E-3,12.0000000,
,,,175.79999566E-3,12.0000000,
,,,175.99999905E-3,12.0000000,
,,,176.20000243E-3,12.0000000,
,,,176.39999092E-3,12.0000000,
,,,176.59999430E-3,11.8000002,
,,,176.79999769E-3,12.0000000,
,,,177.00000107E-3,12.0000000,
,,,177.19998956E-3,12.0000000,
,,,177.39999294E-3,12.0000000,
,,,177.59999633E-3,11.8000002,
,,,177.79999971E-3,12.0000000,
,,,178.00000310E-3,12.0000000,
,,,178.19999158E-3,12.0000000,
,,,178.39999497E-3,12.0000000,
,,,178.59999835E-3,12.0000000,
,,,178.80000174E-3,12.0000000,
,,,178.99999022E-3,12.0000000,
,,,179.19999361E-3,12.0000000,
,,,179.39999700E-3,12.0000000,
,,,179.60000038E-3,12.0000000,
,,,179.79998887E-3,12.0000000,
,,,179.99999225E-3,12.0000000,
,,,180.19999564E-3,12.0000000,
,,,180.39999902E-3,12.0000000,
,,,180.60000241E-3,12.0000000,
,,,180.79999089E-3,12.0000000,
,,,180.99999428E-3,12.0000000,
,,,181.19999766E-3,11.8000002,
,,,181.40000105E-3,12.0000000,
,,,181.59998953E-3,12.0000000,
,,,181.79999292E-3,12.0000000,
,,,181.99999630E-3,12.0000000,
,,,182.19999969E-3,11.8000002,
,,,182.40000308E-3,12.0000000,
,,,182.59999156E-3,12.0000000,
,,,182.79999495E-3,12.0000000,
,,,182.99999833E-3,12.0000000,
,,,183.20000172E-3,12.0000000,
,,,183.39999020E-3,12.0000000,
,,,183.59999359E-3,12.0000000,
,,,183.79999697E-3,12.0000000,
,,,184.00000036E-3,11.8000002,
,,,184.19998884E-3,12.0000000,
,,,184.39999223E-3,11.8000002,
,,,184.59999561E-3,11.8000002,
,,,184.79999900E-3,11.8000002,
,,,185.00000238E-3,11.8000002,
,,,185.19999087E-3,12.0000000,
,,,185.39999425E-3,12.0000000,
,,,185.59999764E-3,12.0000000,
,,,185.80000103E-3,12.0000000,
,,,185.99998951E-3,11.8000002,
,,,186.19999290E-3,12.0000000,
,,,186.39999628E-3,12.0000000,
,,,186.59999967E-3,12.0000000,
,,,186.80000305E-3,12.0000000,
,,,186.99999154E-3,11.8000002,
,,,187.19999492E-3,12.0000000,
,,,187.39999831E-3,12.0000000,
,,,187.60000169E-3,12.0000000,
,,,187.79999018E-3,12.0000000,
,,,187.99999356E-3,12.0000000,
,,,188.19999695E-3,12.0000000,
,,,188.40000033E-3,12.0000000,
,,,188.59998882E-3,12.0000000,
,,,188.79999220E-3,12.0000000,
,,,188.99999559E-3,12.0000000,
,,,189.19999897E-3,11.8000002,
,,,189.40000236E-3,12.0000000,
,,,189.59999084E-3,12.0000000,
,,,189.79999423E-3,11.8000002,
,,,189.99999762E-3,11.8000002,
,,,190.20000100E-3,12.0000000,
,,,190.39998949E-3,12.0000000,
,,,190.59999287E-3,12.0000000,
,,,190.79999626E-3,11.8000002,
,,,190.99999964E-3,11.8000002,
,,,191.20000303E-3,11.8000002,
,,,191.39999151E-3,12.0000000,
,,,191.59999490E-3,12.0000000,
,,,191.79999828E-3,12.0000000,
,,,192.00000167E-3,12.0000000,
,,,192.19999015E-3,11.8000002,
,,,192.39999354E-3,11.8000002,
,,,192.59999692E-3,11.8000002,
,,,192.80000031E-3,11.8000002,
,,,192.99998879E-3,11.8000002,
,,,193.19999218E-3,11.8000002,
,,,193.39999557E-3,11.8000002,
,,,193.59999895E-3,11.8000002,
,,,193.80000234E-3,11.8000002,
,,,193.99999082E-3,11.8000002,
,,,194.19999421E-3,11.8000002,
,,,194.39999759E-3,11.8000002,
,,,194.60000098E-3,11.8000002,
,,,194.79998946E-3,11.8000002,
,,,194.99999285E-3,11.8000002,
,,,195.19999623E-3,11.8000002,
,,,195.39999962E-3,11.8000002,
,,,195.60000300E-3,11.8000002,
,,,195.79999149E-3,11.8000002,
,,,195.99999487E-3,11.6000004,
,,,196.19999826E-3,11.8000002,
,,,196.40000165E-3,11.8000002,
,,,196.59999013E-3,11.6000004,
,,,196.79999352E-3,11.8000002,
,,,196.99999690E-3,11.8000002,
,,,197.20000029E-3,11.8000002,
,,,197.39998877E-3,11.8000002,
,,,197.59999216E-3,11.8000002,
,,,197.79999554E-3,11.8000002,
,,,197.99999893E-3,12.0000000,
,,,198.20000231E-3,12.0000000,
,,,198.39999080E-3,12.0000000,
,,,198.59999418E-3,12.0000000,
,,,198.79999757E-3,12.0000000,
,,,199.00000095E-3,12.0000000,
,,,199.19998944E-3,12.0000000,
,,,199.39999282E-3,12.0000000,
,,,199.59999621E-3,12.0000000,
,,,199.79999959E-3,12.0000000,
,,,199.99998808E-3,12.0000000,
,,,200.19999146E-3,12.0000000,
,,,200.39999485E-3,12.0000000,
,,,200.59999824E-3,12.0000000,
,,,200.80000162E-3,12.0000000,
,,,200.99999011E-3,11.8000002,
,,,201.19999349E-3,12.0000000,
,,,201.39999688E-3,12.0000000,
,,,201.60000026E-3,12.0000000,
,,,201.79998875E-3,12.0000000,
,,,201.99999213E-3,12.0000000,
,,,202.19999552E-3,11.8000002,
,,,202.39999890E-3,12.0000000,
,,,202.60000229E-3,12.0000000,
,,,202.79999077E-3,12.0000000,
,,,202.99999416E-3,11.8000002,
,,,203.19999754E-3,12.0000000,
,,,203.40000093E-3,12.0000000,
,,,203.59998941E-3,11.8000002,
,,,203.79999280E-3,12.0000000,
,,,203.99999619E-3,12.0000000,
,,,204.19999957E-3,12.0000000,
,,,204.39998806E-3,12.0000000,
,,,204.59999144E-3,12.0000000,
,,,204.79999483E-3,12.0000000,
,,,204.99999821E-3,12.0000000,
,,,205.20000160E-3,12.0000000,
,,,205.39999008E-3,12.0000000,
,,,205.59999347E-3,12.0000000,
,,,205.79999685E-3,12.0000000,
,,,206.00000024E-3,12.0000000,
,,,206.19998872E-3,12.0000000,
,,,206.39999211E-3,12.0000000,
,,,206.59999549E-3,12.0000000,
,,,206.79999888E-3,12.0000000,
,,,207.00000226E-3,11.8000002,
,,,207.19999075E-3,12.0000000,
,,,207.39999413E-3,12.0000000,
,,,207.59999752E-3,12.0000000,
,,,207.80000091E-3,12.0000000,
,,,207.99998939E-3,12.0000000,
,,,208.19999278E-3,12.0000000,
,,,208.39999616E-3,12.0000000,
,,,208.59999955E-3,11.8000002,
,,,208.79998803E-3,12.0000000,
,,,208.99999142E-3,11.8000002,
,,,209.19999480E-3,11.8000002,
,,,209.39999819E-3,11.8000002,
,,,209.60000157E-3,11.8000002,
,,,209.79999006E-3,11.8000002,
,,,209.99999344E-3,11.8000002,
,,,210.19999683E-3,11.8000002,
,,,210.40000021E-3,11.8000002,
,,,210.59998870E-3,11.8000002,
,,,210.79999208E-3,11.6000004,
,,,210.99999547E-3,11.6000004,
,,,211.19999886E-3,11.8000002,
,,,211.40000224E-3,11.8000002,
,,,211.59999073E-3,11.8000002,
,,,211.79999411E-3,11.6000004,
,,,211.99999750E-3,11.6000004,
,,,212.20000088E-3,11.6000004,
,,,212.39998937E-3,11.8000002,
,,,212.59999275E-3,11.6000004,
,,,212.79999614E-3,11.6000004,
,,,212.99999952E-3,11.8000002,
,,,213.19998801E-3,11.6000004,
,,,213.39999139E-3,11.8000002,
,,,213.59999478E-3,11.6000004,
,,,213.79999816E-3,11.8000002,
,,,214.00000155E-3,11.6000004,
,,,214.19999003E-3,11.6000004,
,,,214.39999342E-3,11.6000004,
,,,214.59999681E-3,11.6000004,
,,,214.80000019E-3,11.6000004,
,,,214.99998868E-3,11.6000004,
,,,215.19999206E-3,11.6000004,
,,,215.39999545E-3,11.6000004,
,,,215.59999883E-3,11.6000004,
,,,215.80000222E-3,11.6000004,
,,,215.99999070E-3,11.6000004,
,,,216.19999409E-3,11.6000004,
,,,216.39999747E-3,11.8000002,
,,,216.60000086E-3,11.6000004,
,,,216.79998934E-3,11.6000004,
,,,216.99999273E-3,11.6000004,
,,,217.19999611E-3,11.6000004,
,,,217.39999950E-3,11.6000004,
,,,217.59998798E-3,11.6000004,
,,,217.79999137E-3,11.6000004,
,,,217.99999475E-3,11.8000002,
,,,218.19999814E-3,11.6000004,
,,,218.40000153E-3,11.6000004,
,,,218.59999001E-3,11.6000004,
,,,218.79999340E-3,11.6000004,
,,,218.99999678E-3,11.6000004,
,,,219.20000017E-3,11.6000004,
,,,219.39998865E-3,11.6000004,
,,,219.59999204E-3,11.6000004,
,,,219.79999542E-3,11.6000004,
,,,219.99999881E-3,11.6000004,
,,,220.20000219E-3,11.6000004,
,,,220.39999068E-3,11.6000004,
,,,220.59999406E-3,11.6000004,
,,,220.79999745E-3,11.6000004,
,,,221.00000083E-3,11.6000004,
,,,221.19998932E-3,11.6000004,
,,,221.39999270E-3,11.6000004,
,,,221.59999609E-3,11.6000004,
,,,221.79999948E-3,11.6000004,
,,,221.99998796E-3,11.6000004,
,,,222.19999135E-3,11.6000004,
,,,222.39999473E-3,11.6000004,
,,,222.59999812E-3,11.6000004,
,,,222.80000150E-3,11.6000004,
,,,222.99998999E-3,11.8000002,
,,,223.19999337E-3,11.6000004,
,,,223.39999676E-3,11.6000004,
,,,223.60000014E-3,11.6000004,
,,,223.79998863E-3,11.6000004,
,,,223.99999201E-3,11.6000004,
,,,224.19999540E-3,11.6000004,
,,,224.39999878E-3,11.6000004,
,,,224.60000217E-3,11.6000004,
,,,224.79999065E-3,11.6000004,
,,,224.99999404E-3,11.6000004,
,,,225.19999743E-3,11.6000004,
,,,225.40000081E-3,11.6000004,
,,,225.59998930E-3,11.6000004,
,,,225.79999268E-3,11.6000004,
,,,225.99999607E-3,11.6000004,
,,,226.19999945E-3,11.6000004,
,,,226.39998794E-3,11.6000004,
,,,226.59999132E-3,11.6000004,
,,,226.79999471E-3,11.6000004,
,,,226.99999809E-3,11.6000004,
,,,227.20000148E-3,11.6000004,
,,,227.39998996E-3,11.6000004,
,,,227.59999335E-3,11.6000004,
,,,227.79999673E-3,11.6000004,
,,,228.00000012E-3,11.6000004,
,,,228.19998860E-3,11.6000004,
,,,228.39999199E-3,11.6000004,
,,,228.59999537E-3,11.6000004,
,,,228.79999876E-3,11.6000004,
,,,229.00000215E-3,11.6000004,
,,,229.19999063E-3,11.6000004,
,,,229.39999402E-3,11.8000002,
,,,229.59999740E-3,11.6000004,
,,,229.80000079E-3,11.6000004,
,,,229.99998927E-3,11.6000004,
,,,230.19999266E-3,11.6000004,
,,,230.39999604E-3,11.6000004,
,,,230.59999943E-3,11.6000004,
,,,230.79998791E-3,11.6000004,
,,,230.99999130E-3,11.6000004,
,,,231.19999468E-3,11.6000004,
,,,231.39999807E-3,11.6000004,
,,,231.60000145E-3,11.6000004,
,,,231.79998994E-3,11.6000004,
,,,231.99999332E-3,11.6000004,
,,,232.19999671E-3,11.6000004,
,,,232.40000010E-3,11.6000004,
,,,232.59998858E-3,11.6000004,
,,,232.79999197E-3,11.6000004,
,,,232.99999535E-3,11.6000004,
,,,233.19999874E-3,11.6000004,
,,,233.40000212E-3,11.6000004,
,,,233.59999061E-3,11.8000002,
,,,233.79999399E-3,11.6000004,
,,,233.99999738E-3,11.6000004,
,,,234.20000076E-3,11.6000004,
,,,234.39998925E-3,11.6000004,
,,,234.59999263E-3,11.6000004,
,,,234.79999602E-3,11.6000004,
,,,234.99999940E-3,11.6000004,
,,,235.19998789E-3,11.6000004,
,,,235.39999127E-3,11.6000004,
,,,235.59999466E-3,11.6000004,
,,,235.79999804E-3,11.6000004,
,,,236.00000143E-3,11.6000004,
,,,236.19998991E-3,11.6000004,
,,,236.39999330E-3,11.6000004,
,,,236.59999669E-3,11.6000004,
,,,236.80000007E-3,11.8000002,
,,,236.99998856E-3,11.6000004,
,,,237.19999194E-3,11.8000002,
,,,237.39999533E-3,11.8000002,
,,,237.59999871E-3,11.6000004,
,,,237.79998720E-3,11.6000004,
,,,237.99999058E-3,11.6000004,
,,,238.19999397E-3,11.6000004,
,,,238.39999735E-3,11.6000004,
,,,238.60000074E-3,11.6000004,
,,,238.79998922E-3,11.6000004,
,,,238.99999261E-3,11.8000002,
,,,239.19999599E-3,11.6000004,
,,,239.39999938E-3,11.6000004,
,,,239.59998786E-3,11.6000004,
,,,239.79999125E-3,11.6000004,
,,,239.99999464E-3,11.6000004,
,,,240.19999802E-3,11.6000004,
,,,240.40000141E-3,11.6000004,
,,,240.59998989E-3,11.6000004,
,,,240.79999328E-3,11.8000002,
,,,240.99999666E-3,11.6000004,
,,,241.20000005E-3,11.6000004,
,,,241.39998853E-3,11.6000004,
,,,241.59999192E-3,11.6000004,
,,,241.79999530E-3,11.6000004,
,,,241.99999869E-3,11.6000004,
,,,242.19998717E-3,11.6000004,
,,,242.39999056E-3,11.6000004,
,,,242.59999394E-3,11.6000004,
,,,242.79999733E-3,11.8000002,
,,,243.00000072E-3,11.6000004,
,,,243.19998920E-3,11.6000004,
,,,243.39999259E-3,11.8000002,
,,,243.59999597E-3,11.6000004,
,,,243.79999936E-3,11.6000004,
,,,243.99998784E-3,11.6000004,
,,,244.19999123E-3,11.6000004,
,,,244.39999461E-3,11.8000002,
,,,244.59999800E-3,11.6000004,
,,,244.80000138E-3,11.6000004,
,,,244.99998987E-3,11.6000004,
,,,245.19999325E-3,11.6000004,
,,,245.39999664E-3,11.8000002,
,,,245.60000002E-3,11.6000004,
,,,245.79998851E-3,11.6000004,
,,,245.99999189E-3,11.8000002,
,,,246.19999528E-3,11.6000004,
,,,246.39999866E-3,11.6000004,
,,,246.59998715E-3,11.8000002,
,,,246.79999053E-3,11.6000004,
,,,246.99999392E-3,11.8000002,
,,,247.19999731E-3,11.8000002,
,,,247.40000069E-3,11.6000004,
,,,247.59998918E-3,11.6000004,
,,,247.79999256E-3,11.6000004,
,,,247.99999595E-3,11.6000004,
,,,248.19999933E-3,11.6000004,
,,,248.39998782E-3,11.6000004,
,,,248.59999120E-3,11.6000004,
,,,248.79999459E-3,11.8000002,
,,,248.99999797E-3,11.6000004,
,,,249.20000136E-3,11.8000002,
,,,249.39998984E-3,11.6000004,
,,,249.59999323E-3,11.8000002,
,,,249.79999661E-3,11.6000004,
,,,250.00000000E-3,11.6000004,
,,,250.20000339E-3,11.6000004,
,,,250.40000677E-3,11.6000004,
,,,250.59998035E-3,11.8000002,
,,,250.79998374E-3,11.6000004,
,,,250.99998713E-3,11.8000002,
,,,251.19999051E-3,11.6000004,
,,,251.39999390E-3,11.6000004,
,,,251.59999728E-3,11.8000002,
,,,251.80000067E-3,11.6000004,
,,,252.00000405E-3,11.6000004,
,,,252.20000744E-3,11.6000004,
,,,252.39998102E-3,11.6000004,
,,,252.59998441E-3,11.8000002,
,,,252.79998779E-3,11.6000004,
,,,252.99999118E-3,11.6000004,
,,,253.19999456E-3,11.6000004,
,,,253.39999795E-3,11.8000002,
,,,253.60000134E-3,11.6000004,
,,,253.80000472E-3,11.6000004,
,,,254.00000811E-3,11.8000002,
,,,254.19998169E-3,11.8000002,
,,,254.39998507E-3,11.6000004,
,,,254.59998846E-3,11.6000004,
,,,254.79999185E-3,11.6000004,
,,,254.99999523E-3,11.6000004,
,,,255.19999862E-3,11.6000004,
,,,255.40000200E-3,11.8000002,
,,,255.60000539E-3,11.6000004,
,,,255.80000877E-3,11.6000004,
,,,255.99998236E-3,11.6000004,
,,,256.19998574E-3,11.8000002,
,,,256.39998913E-3,11.6000004,
,,,256.59999251E-3,11.6000004,
,,,256.79999590E-3,11.6000004,
,,,256.99999928E-3,11.6000004,
,,,257.20000267E-3,11.6000004,
,,,257.40000606E-3,11.8000002,
,,,257.59997964E-3,11.6000004,
,,,257.79998302E-3,11.6000004,
,,,257.99998641E-3,11.6000004,
,,,258.19998980E-3,11.6000004,
,,,258.39999318E-3,11.6000004,
,,,258.59999657E-3,11.6000004,
,,,258.79999995E-3,11.6000004,
,,,259.00000334E-3,11.6000004,
,,,259.20000672E-3,11.8000002,
,,,259.39998031E-3,11.6000004,
,,,259.59998369E-3,11.6000004,
,,,259.79998708E-3,11.6000004,
,,,259.99999046E-3,11.6000004,
,,,260.19999385E-3,11.6000004,
,,,260.39999723E-3,11.6000004,
,,,260.60000062E-3,11.6000004,
,,,260.80000401E-3,11.6000004,
,,,261.00000739E-3,11.8000002,
,,,261.19998097E-3,11.6000004,
,,,261.39998436E-3,11.6000004,
,,,261.59998775E-3,11.6000004,
,,,261.79999113E-3,11.6000004,
,,,261.99999452E-3,11.8000002,
,,,262.19999790E-3,11.6000004,
,,,262.40000129E-3,11.6000004,
,,,262.60000467E-3,11.6000004,
,,,262.80000806E-3,11.8000002,
,,,262.99998164E-3,11.6000004,
,,,263.19998503E-3,11.6000004,
,,,263.39998841E-3,11.6000004,
,,,263.59999180E-3,11.8000002,
,,,263.79999518E-3,11.8000002,
,,,263.99999857E-3,11.6000004,
,,,264.20000196E-3,11.6000004,
,,,264.40000534E-3,11.8000002,
,,,264.60000873E-3,11.6000004,
,,,264.79998231E-3,11.6000004,
,,,264.99998569E-3,11.8000002,
,,,265.19998908E-3,11.8000002,
,,,265.39999247E-3,11.6000004,
,,,265.59999585E-3,11.6000004,
,,,265.79999924E-3,11.6000004,
,,,266.00000262E-3,11.6000004,
,,,266.20000601E-3,11.8000002,
,,,266.39997959E-3,11.6000004,
,,,266.59998298E-3,11.6000004,
,,,266.79998636E-3,11.6000004,
,,,266.99998975E-3,11.8000002,
,,,267.19999313E-3,11.6000004,
,,,267.39999652E-3,11.6000004,
,,,267.59999990E-3,11.6000004,
,,,267.80000329E-3,11.8000002,
,,,268.00000668E-3,11.8000002,
,,,268.19998026E-3,11.6000004,
,,,268.39998364E-3,11.6000004,
,,,268.59998703E-3,11.6000004,
,,,268.79999042E-3,11.6000004,
,,,268.99999380E-3,11.8000002,
,,,269.19999719E-3,11.8000002,
,,,269.40000057E-3,11.8000002,
,,,269.60000396E-3,11.6000004,
,,,269.80000734E-3,11.6000004,
,,,269.99998093E-3,11.6000004,
,,,270.19998431E-3,11.6000004,
,,,270.39998770E-3,11.6000004,
,,,270.59999108E-3,11.8000002,
,,,270.79999447E-3,11.6000004,
,,,270.99999785E-3,11.8000002,
,,,271.20000124E-3,11.6000004,
,,,271.40000463E-3,11.6000004,
,,,271.60000801E-3,11.6000004,
,,,271.79998159E-3,11.6000004,
,,,271.99998498E-3,11.8000002,
,,,272.19998837E-3,11.6000004,
,,,272.39999175E-3,11.8000002,
,,,272.59999514E-3,11.8000002,
,,,272.79999852E-3,11.8000002,
,,,273.00000191E-3,11.6000004,
,,,273.20000529E-3,11.8000002,
,,,273.39997888E-3,11.6000004,
,,,273.59998226E-3,11.6000004,
,,,273.79998565E-3,11.8000002,
,,,273.99998903E-3,11.8000002,
,,,274.19999242E-3,11.6000004,
,,,274.39999580E-3,11.6000004,
,,,274.59999919E-3,11.6000004,
,,,274.80000257E-3,11.8000002,
,,,275.00000596E-3,11.6000004,
,,,275.19997954E-3,11.8000002,
,,,275.39998293E-3,11.6000004,
,,,275.59998631E-3,11.8000002,
,,,275.79998970E-3,11.6000004,
,,,275.99999309E-3,11.6000004,
,,,276.19999647E-3,11.6000004,
,,,276.39999986E-3,11.8000002,
,,,276.60000324E-3,11.6000004,
,,,276.80000663E-3,11.6000004,
,,,276.99998021E-3,11.8000002,
,,,277.19998360E-3,11.8000002,
,,,277.39998698E-3,11.6000004,
,,,277.59999037E-3,11.6000004,
,,,277.79999375E-3,11.6000004,
,,,277.99999714E-3,11.6000004,
,,,278.20000052E-3,11.8000002,
,,,278.40000391E-3,11.6000004,
,,,278.60000730E-3,11.6000004,
,,,278.79998088E-3,11.8000002,
,,,278.99998426E-3,11.8000002,
,,,279.19998765E-3,11.6000004,
,,,279.39999104E-3,11.6000004,
,,,279.59999442E-3,11.6000004,
,,,279.79999781E-3,11.6000004,
,,,280.00000119E-3,11.6000004,
,,,280.20000458E-3,11.8000002,
,,,280.40000796E-3,11.6000004,
,,,280.59998155E-3,11.6000004,
,,,280.79998493E-3,11.6000004,
,,,280.99998832E-3,11.6000004,
,,,281.19999170E-3,11.6000004,
,,,281.39999509E-3,11.6000004,
,,,281.59999847E-3,11.8000002,
,,,281.80000186E-3,11.6000004,
,,,282.00000525E-3,11.6000004,
,,,282.19997883E-3,11.6000004,
,,,282.39998221E-3,11.6000004,
,,,282.59998560E-3,11.6000004,
,,,282.79998899E-3,11.6000004,
,,,282.99999237E-3,11.6000004,
,,,283.19999576E-3,11.8000002,
,,,283.39999914E-3,11.8000002,
,,,283.60000253E-3,11.8000002,
,,,283.80000591E-3,11.6000004,
,,,283.99997950E-3,11.6000004,
,,,284.19998288E-3,11.8000002,
,,,284.39998627E-3,11.8000002,
,,,284.59998965E-3,11.8000002,
,,,284.79999304E-3,11.6000004,
,,,284.99999642E-3,11.6000004,
,,,285.19999981E-3,11.8000002,
,,,285.40000319E-3,11.6000004,
,,,285.60000658E-3,11.6000004,
,,,285.79998016E-3,11.6000004,
,,,285.99998355E-3,11.8000002,
,,,286.19998693E-3,11.8000002,
,,,286.39999032E-3,11.8000002,
,,,286.59999371E-3,11.8000002,
,,,286.79999709E-3,11.6000004,
,,,287.00000048E-3,11.6000004,
,,,287.20000386E-3,11.6000004,
,,,287.40000725E-3,11.6000004,
,,,287.59998083E-3,11.6000004,
,,,287.79998422E-3,11.6000004,
,,,287.99998760E-3,11.6000004,
,,,288.19999099E-3,11.6000004,
,,,288.39999437E-3,11.6000004,
,,,288.59999776E-3,11.6000004,
,,,288.80000114E-3,11.6000004,
,,,289.00000453E-3,11.8000002,
,,,289.20000792E-3,11.6000004,
,,,289.39998150E-3,11.6000004,
,,,289.59998488E-3,11.6000004,
,,,289.79998827E-3,11.6000004,
,,,289.99999166E-3,11.6000004,
,,,290.19999504E-3,11.6000004,
,,,290.39999843E-3,11.6000004,
,,,290.60000181E-3,11.8000002,
,,,290.80000520E-3,11.6000004,
,,,290.99997878E-3,11.6000004,
,,,291.19998217E-3,11.8000002,
,,,291.39998555E-3,11.6000004,
,,,291.59998894E-3,11.6000004,
,,,291.79999232E-3,11.6000004,
,,,291.99999571E-3,11.6000004,
,,,292.19999909E-3,11.8000002,
,,,292.40000248E-3,11.6000004,
,,,292.60000587E-3,11.8000002,
,,,292.79997945E-3,11.6000004,
,,,292.99998283E-3,11.6000004,
,,,293.19998622E-3,11.6000004,
,,,293.39998960E-3,11.8000002,
,,,293.59999299E-3,11.6000004,
,,,293.79999638E-3,11.6000004,
,,,293.99999976E-3,11.6000004,
,,,294.20000315E-3,11.6000004,
,,,294.40000653E-3,11.6000004,
,,,294.59998012E-3,11.6000004,
,,,294.79998350E-3,11.6000004,
,,,294.99998689E-3,11.8000002,
,,,295.19999027E-3,11.8000002,
,,,295.39999366E-3,11.6000004,
,,,295.59999704E-3,11.8000002,
,,,295.80000043E-3,11.6000004,
,,,296.00000381E-3,11.6000004,
,,,296.20000720E-3,11.6000004,
,,,296.39998078E-3,11.6000004,
,,,296.59998417E-3,11.6000004,
,,,296.79998755E-3,11.8000002,
,,,296.99999094E-3,11.6000004,
,,,297.19999433E-3,11.6000004,
,,,297.39999771E-3,11.6000004,
,,,297.60000110E-3,11.8000002,
,,,297.80000448E-3,11.6000004,
,,,298.00000787E-3,11.6000004,
,,,298.19998145E-3,11.8000002,
,,,298.39998484E-3,11.8000002,
,,,298.59998822E-3,11.6000004,
,,,298.79999161E-3,11.8000002,
,,,298.99999499E-3,11.6000004,
,,,299.19999838E-3,11.6000004,
,,,299.40000176E-3,11.6000004,
,,,299.60000515E-3,11.6000004,
,,,299.79997873E-3,11.6000004,
,,,299.99998212E-3,11.6000004,
,,,300.19998550E-3,11.6000004,
,,,300.39998889E-3,11.6000004,
,,,300.59999228E-3,11.6000004,
,,,300.79999566E-3,11.6000004,
,,,300.99999905E-3,11.8000002,
,,,301.20000243E-3,11.6000004,
,,,301.40000582E-3,11.8000002,
,,,301.59997940E-3,11.8000002,
,,,301.79998279E-3,11.8000002,
,,,301.99998617E-3,11.8000002,
,,,302.19998956E-3,11.8000002,
,,,302.39999294E-3,11.6000004,
,,,302.59999633E-3,11.6000004,
,,,302.79999971E-3,11.6000004,
,,,303.00000310E-3,11.6000004,
,,,303.20000648E-3,11.6000004,
,,,303.39998007E-3,11.6000004,
,,,303.59998345E-3,11.6000004,
,,,303.79998684E-3,11.6000004,
,,,303.99999022E-3,11.6000004,
,,,304.19999361E-3,11.6000004,
,,,304.39999700E-3,11.6000004,
,,,304.60000038E-3,11.6000004,
,,,304.80000377E-3,11.8000002,
,,,305.00000715E-3,11.6000004,
,,,305.19998074E-3,11.6000004,
,,,305.39998412E-3,11.6000004,
,,,305.59998751E-3,11.6000004,
,,,305.79999089E-3,11.8000002,
,,,305.99999428E-3,11.6000004,
,,,306.19999766E-3,11.6000004,
,,,306.40000105E-3,11.6000004,
,,,306.60000443E-3,11.8000002,
,,,306.79997802E-3,11.6000004,
,,,306.99998140E-3,11.6000004,
,,,307.19998479E-3,11.6000004,
,,,307.39998817E-3,11.6000004,
,,,307.59999156E-3,11.6000004,
,,,307.79999495E-3,11.8000002,
,,,307.99999833E-3,11.6000004,
,,,308.20000172E-3,11.8000002,
,,,308.40000510E-3,11.6000004,
,,,308.59997869E-3,11.8000002,
,,,308.79998207E-3,11.8000002,
,,,308.99998546E-3,11.6000004,
,,,309.19998884E-3,11.6000004,
,,,309.39999223E-3,11.8000002,
,,,309.59999561E-3,11.6000004,
,,,309.79999900E-3,11.8000002,
,,,310.00000238E-3,11.6000004,
,,,310.20000577E-3,11.6000004,
,,,310.39997935E-3,11.8000002,
,,,310.59998274E-3,11.6000004,
,,,310.79998612E-3,11.6000004,
,,,310.99998951E-3,11.6000004,
,,,311.19999290E-3,11.8000002,
,,,311.39999628E-3,11.6000004,
,,,311.59999967E-3,11.6000004,
,,,311.80000305E-3,11.6000004,
,,,312.00000644E-3,11.6000004,
,,,312.19998002E-3,11.6000004,
,,,312.39998341E-3,11.8000002,
,,,312.59998679E-3,11.8000002,
,,,312.79999018E-3,11.8000002,
,,,312.99999356E-3,11.6000004,
,,,313.19999695E-3,11.8000002,
,,,313.40000033E-3,11.6000004,
,,,313.60000372E-3,11.6000004,
,,,313.80000710E-3,11.6000004,
,,,313.99998069E-3,11.6000004,
,,,314.19998407E-3,11.6000004,
,,,314.39998746E-3,11.6000004,
,,,314.59999084E-3,11.6000004,
,,,314.79999423E-3,11.6000004,
,,,314.99999762E-3,11.8000002,
,,,315.20000100E-3,11.6000004,
,,,315.40000439E-3,11.6000004,
,,,315.59997797E-3,11.6000004,
,,,315.79998136E-3,11.8000002,
,,,315.99998474E-3,11.6000004,
,,,316.19998813E-3,11.8000002,
,,,316.39999151E-3,11.8000002,
,,,316.59999490E-3,11.6000004,
,,,316.79999828E-3,11.6000004,
,,,317.00000167E-3,11.6000004,
,,,317.20000505E-3,11.6000004,
,,,317.39997864E-3,11.8000002,
,,,317.59998202E-3,11.6000004,
,,,317.79998541E-3,11.6000004,
,,,317.99998879E-3,11.6000004,
,,,318.19999218E-3,11.6000004,
,,,318.39999557E-3,11.6000004,
,,,318.59999895E-3,11.6000004,
,,,318.80000234E-3,11.8000002,
,,,319.00000572E-3,11.6000004,
,,,319.19997931E-3,11.8000002,
,,,319.39998269E-3,11.6000004,
,,,319.59998608E-3,11.6000004,
,,,319.79998946E-3,11.6000004,
,,,319.99999285E-3,11.8000002,
,,,320.19999623E-3,11.6000004,
,,,320.39999962E-3,11.6000004,
,,,320.60000300E-3,11.6000004,
,,,320.80000639E-3,11.8000002,
,,,320.99997997E-3,11.8000002,
,,,321.19998336E-3,11.8000002,
,,,321.39998674E-3,11.6000004,
,,,321.59999013E-3,11.6000004,
,,,321.79999352E-3,11.6000004,
,,,321.99999690E-3,11.8000002,
,,,322.20000029E-3,11.6000004,
,,,322.40000367E-3,11.8000002,
,,,322.60000706E-3,11.8000002,
,,,322.79998064E-3,11.8000002,
,,,322.99998403E-3,11.6000004,
,,,323.19998741E-3,11.8000002,
,,,323.39999080E-3,11.8000002,
,,,323.59999418E-3,11.8000002,
,,,323.79999757E-3,11.8000002,
,,,324.00000095E-3,11.8000002,
,,,324.20000434E-3,11.8000002,
,,,324.39997792E-3,11.8000002,
,,,324.59998131E-3,11.8000002,
,,,324.79998469E-3,11.8000002,
,,,324.99998808E-3,11.8000002,
,,,325.19999146E-3,11.8000002,
,,,325.39999485E-3,11.8000002,
,,,325.59999824E-3,11.8000002,
,,,325.80000162E-3,11.8000002,
,,,326.00000501E-3,11.8000002,
,,,326.19997859E-3,11.8000002,
,,,326.39998198E-3,11.8000002,
,,,326.59998536E-3,11.8000002,
,,,326.79998875E-3,11.8000002,
,,,326.99999213E-3,11.8000002,
,,,327.19999552E-3,11.8000002,
,,,327.39999890E-3,11.8000002,
,,,327.60000229E-3,11.8000002,
,,,327.80000567E-3,11.8000002,
,,,327.99997926E-3,11.8000002,
,,,328.19998264E-3,11.8000002,
,,,328.39998603E-3,11.8000002,
,,,328.59998941E-3,11.8000002,
,,,328.79999280E-3,11.8000002,
,,,328.99999619E-3,11.8000002,
,,,329.19999957E-3,11.8000002,
,,,329.40000296E-3,12.0000000,
,,,329.60000634E-3,11.8000002,
,,,329.79997993E-3,11.8000002,
,,,329.99998331E-3,11.8000002,
,,,330.19998670E-3,11.8000002,
,,,330.39999008E-3,11.8000002,
,,,330.59999347E-3,12.0000000,
,,,330.79999685E-3,11.8000002,
,,,331.00000024E-3,11.8000002,
,,,331.20000362E-3,11.8000002,
,,,331.40000701E-3,11.8000002,
,,,331.59998059E-3,11.8000002,
,,,331.79998398E-3,11.8000002,
,,,331.99998736E-3,12.0000000,
,,,332.19999075E-3,12.0000000,
,,,332.39999413E-3,11.8000002,
,,,332.59999752E-3,11.8000002,
,,,332.80000091E-3,11.8000002,
,,,333.00000429E-3,11.8000002,
,,,333.19997787E-3,11.8000002,
,,,333.39998126E-3,11.8000002,
,,,333.59998465E-3,12.0000000,
,,,333.79998803E-3,11.8000002,
,,,333.99999142E-3,11.8000002,
,,,334.19999480E-3,12.0000000,
,,,334.39999819E-3,11.8000002,
,,,334.60000157E-3,11.8000002,
,,,334.80000496E-3,11.8000002,
,,,334.99997854E-3,11.8000002,
,,,335.19998193E-3,11.8000002,
,,,335.39998531E-3,11.8000002,
,,,335.59998870E-3,11.8000002,
,,,335.79999208E-3,12.0000000,
,,,335.99999547E-3,11.8000002,
,,,336.19999886E-3,11.8000002,
,,,336.40000224E-3,11.8000002,
,,,336.60000563E-3,12.0000000,
,,,336.79997921E-3,11.8000002,
,,,336.99998260E-3,11.8000002,
,,,337.19998598E-3,12.0000000,
,,,337.39998937E-3,12.0000000,
,,,337.59999275E-3,11.8000002,
,,,337.79999614E-3,11.8000002,
,,,337.99999952E-3,11.8000002,
,,,338.20000291E-3,11.8000002,
,,,338.40000629E-3,11.8000002,
,,,338.59997988E-3,11.8000002,
,,,338.79998326E-3,11.8000002,
,,,338.99998665E-3,11.8000002,
,,,339.19999003E-3,11.8000002,
,,,339.39999342E-3,11.8000002,
,,,339.59999681E-3,11.8000002,
,,,339.80000019E-3,11.8000002,
,,,340.00000358E-3,11.8000002,
,,,340.19997716E-3,11.8000002,
,,,340.39998055E-3,11.8000002,
,,,340.59998393E-3,11.8000002,
,,,340.79998732E-3,11.8000002,
,,,340.99999070E-3,11.8000002,
,,,341.19999409E-3,11.8000002,
,,,341.39999747E-3,11.8000002,
,,,341.60000086E-3,11.8000002,
,,,341.80000424E-3,11.8000002,
,,,341.99997783E-3,12.0000000,
,,,342.19998121E-3,11.8000002,
,,,342.39998460E-3,11.8000002,
,,,342.59998798E-3,11.8000002,
,,,342.79999137E-3,11.8000002,
,,,342.99999475E-3,12.0000000,
,,,343.19999814E-3,11.8000002,
,,,343.40000153E-3,11.8000002,
,,,343.60000491E-3,11.8000002,
,,,343.79997849E-3,11.8000002,
,,,343.99998188E-3,12.0000000,
,,,344.19998527E-3,12.0000000,
,,,344.39998865E-3,11.8000002,
,,,344.59999204E-3,11.8000002,
,,,344.79999542E-3,11.8000002,
,,,344.99999881E-3,11.8000002,
,,,345.20000219E-3,11.8000002,
,,,345.40000558E-3,11.8000002,
,,,345.59997916E-3,11.8000002,
,,,345.79998255E-3,11.8000002,
,,,345.99998593E-3,11.8000002,
,,,346.19998932E-3,12.0000000,
,,,346.39999270E-3,11.8000002,
,,,346.59999609E-3,11.8000002,
,,,346.79999948E-3,12.0000000,
,,,347.00000286E-3,11.8000002,
,,,347.20000625E-3,11.8000002,
,,,347.39997983E-3,11.8000002,
,,,347.59998322E-3,11.8000002,
,,,347.79998660E-3,11.8000002,
,,,347.99998999E-3,11.8000002,
,,,348.19999337E-3,11.8000002,
,,,348.39999676E-3,11.8000002,
,,,348.60000014E-3,11.8000002,
,,,348.80000353E-3,11.8000002,
,,,348.99997711E-3,11.8000002,
,,,349.19998050E-3,11.8000002,
,,,349.39998388E-3,11.8000002,
,,,349.59998727E-3,11.8000002,
,,,349.79999065E-3,11.8000002,
,,,349.99999404E-3,12.0000000,
,,,350.19999743E-3,11.8000002,
,,,350.40000081E-3,12.0000000,
,,,350.60000420E-3,12.0000000,
,,,350.79997778E-3,11.8000002,
,,,350.99998116E-3,11.8000002,
,,,351.19998455E-3,11.8000002,
,,,351.39998794E-3,12.0000000,
,,,351.59999132E-3,11.8000002,
,,,351.79999471E-3,11.8000002,
,,,351.99999809E-3,11.8000002,
,,,352.20000148E-3,11.8000002,
,,,352.40000486E-3,11.8000002,
,,,352.59997845E-3,11.8000002,
,,,352.79998183E-3,11.8000002,
,,,352.99998522E-3,11.8000002,
,,,353.19998860E-3,11.8000002,
,,,353.39999199E-3,11.8000002,
,,,353.59999537E-3,11.8000002,
,,,353.79999876E-3,11.8000002,
,,,354.00000215E-3,11.8000002,
,,,354.20000553E-3,11.8000002,
,,,354.39997911E-3,11.8000002,
,,,354.59998250E-3,11.8000002,
,,,354.79998589E-3,11.8000002,
,,,354.99998927E-3,11.8000002,
,,,355.19999266E-3,11.8000002,
,,,355.39999604E-3,11.8000002,
,,,355.59999943E-3,11.8000002,
,,,355.80000281E-3,12.0000000,
,,,356.00000620E-3,11.8000002,
,,,356.19997978E-3,11.8000002,
,,,356.39998317E-3,11.8000002,
,,,356.59998655E-3,11.8000002,
,,,356.79998994E-3,11.8000002,
,,,356.99999332E-3,11.8000002,
,,,357.19999671E-3,11.8000002,
,,,357.40000010E-3,11.8000002,
,,,357.60000348E-3,11.8000002,
,,,357.79997706E-3,12.0000000,
,,,357.99998045E-3,11.8000002,
,,,358.19998384E-3,12.0000000,
,,,358.39998722E-3,11.8000002,
,,,358.59999061E-3,11.8000002,
,,,358.79999399E-3,11.8000002,
,,,358.99999738E-3,11.8000002,
,,,359.20000076E-3,11.8000002,
,,,359.40000415E-3,11.8000002,
,,,359.59997773E-3,11.8000002,
,,,359.79998112E-3,11.8000002,
,,,359.99998450E-3,11.8000002,
,,,360.19998789E-3,12.0000000,
,,,360.39999127E-3,11.8000002,
,,,360.59999466E-3,12.0000000,
,,,360.79999804E-3,12.0000000,
,,,361.00000143E-3,11.8000002,
,,,361.20000482E-3,11.8000002,
,,,361.39997840E-3,12.0000000,
,,,361.59998178E-3,11.8000002,
,,,361.79998517E-3,11.8000002,
,,,361.99998856E-3,11.8000002,
,,,362.19999194E-3,11.8000002,
,,,362.39999533E-3,11.8000002,
,,,362.59999871E-3,11.8000002,
,,,362.80000210E-3,11.8000002,
,,,363.00000548E-3,11.8000002,
,,,363.19997907E-3,11.8000002,
,,,363.39998245E-3,12.0000000,
,,,363.59998584E-3,11.8000002,
,,,363.79998922E-3,11.8000002,
,,,363.99999261E-3,11.8000002,
,,,364.19999599E-3,11.8000002,
,,,364.39999938E-3,11.8000002,
,,,364.60000277E-3,12.0000000,
,,,364.80000615E-3,12.0000000,
,,,364.99997973E-3,12.0000000,
,,,365.19998312E-3,11.8000002,
,,,365.39998651E-3,11.8000002,
,,,365.59998989E-3,11.8000002,
,,,365.79999328E-3,11.8000002,
,,,365.99999666E-3,11.8000002,
,,,366.20000005E-3,11.8000002,
,,,366.40000343E-3,11.8000002,
,,,366.59997702E-3,11.8000002,
,,,366.79998040E-3,11.8000002,
,,,366.99998379E-3,12.0000000,
,,,367.19998717E-3,12.0000000,
,,,367.39999056E-3,11.8000002,
,,,367.59999394E-3,11.8000002,
,,,367.79999733E-3,12.0000000,
,,,368.00000072E-3,11.8000002,
,,,368.20000410E-3,11.8000002,
,,,368.39997768E-3,12.0000000,
,,,368.59998107E-3,11.8000002,
,,,368.79998446E-3,12.0000000,
,,,368.99998784E-3,11.8000002,
,,,369.19999123E-3,11.8000002,
,,,369.39999461E-3,11.8000002,
,,,369.59999800E-3,11.8000002,
,,,369.80000138E-3,11.8000002,
,,,370.00000477E-3,11.8000002,
,,,370.19997835E-3,11.8000002,
,,,370.39998174E-3,11.8000002,
,,,370.59998512E-3,11.8000002,
,,,370.79998851E-3,11.8000002,
,,,370.99999189E-3,11.8000002,
,,,371.19999528E-3,12.0000000,
,,,371.39999866E-3,11.8000002,
,,,371.60000205E-3,11.8000002,
,,,371.80000544E-3,12.0000000,
,,,371.99997902E-3,11.8000002,
,,,372.19998240E-3,11.8000002,
,,,372.39998579E-3,11.8000002,
,,,372.59998918E-3,12.0000000,
,,,372.79999256E-3,11.8000002,
,,,372.99999595E-3,11.8000002,
,,,373.19999933E-3,11.8000002,
,,,373.40000272E-3,11.8000002,
,,,373.59997630E-3,11.8000002,
,,,373.79997969E-3,11.8000002,
,,,373.99998307E-3,11.8000002,
,,,374.19998646E-3,11.8000002,
,,,374.39998984E-3,11.8000002,
,,,374.59999323E-3,11.8000002,
,,,374.79999661E-3,11.8000002,
,,,375.00000000E-3,11.8000002,
,,,375.20000339E-3,12.0000000,
,,,375.39997697E-3,11.8000002,
,,,375.59998035E-3,11.8000002,
,,,375.79998374E-3,11.8000002,
,,,375.99998713E-3,12.0000000,
,,,376.19999051E-3,11.8000002,
,,,376.39999390E-3,11.8000002,
,,,376.59999728E-3,11.8000002,
,,,376.80000067E-3,11.8000002,
,,,377.00000405E-3,12.0000000,
,,,377.19997764E-3,11.8000002,
,,,377.39998102E-3,11.8000002,
,,,377.59998441E-3,11.8000002,
,,,377.79998779E-3,11.8000002,
,,,377.99999118E-3,11.8000002,
,,,378.19999456E-3,11.8000002,
,,,378.39999795E-3,11.8000002,
,,,378.60000134E-3,11.8000002,
,,,378.80000472E-3,11.8000002,
,,,378.99997830E-3,12.0000000,
,,,379.19998169E-3,11.8000002,
,,,379.39998507E-3,11.8000002,
,,,379.59998846E-3,12.0000000,
,,,379.79999185E-3,11.8000002,
,,,379.99999523E-3,11.8000002,
,,,380.19999862E-3,11.8000002,
,,,380.40000200E-3,11.8000002,
,,,380.60000539E-3,11.8000002,
,,,380.79997897E-3,11.8000002,
,,,380.99998236E-3,11.8000002,
,,,381.19998574E-3,11.8000002,
,,,381.39998913E-3,11.8000002,
,,,381.59999251E-3,11.8000002,
,,,381.79999590E-3,11.8000002,
,,,381.99999928E-3,12.0000000,
,,,382.20000267E-3,11.8000002,
,,,382.39997625E-3,11.8000002,
,,,382.59997964E-3,12.0000000,
,,,382.79998302E-3,11.8000002,
,,,382.99998641E-3,11.8000002,
,,,383.19998980E-3,11.8000002,
,,,383.39999318E-3,11.8000002,
,,,383.59999657E-3,12.0000000,
,,,383.79999995E-3,11.8000002,
,,,384.00000334E-3,11.8000002,
,,,384.19997692E-3,12.0000000,
,,,384.39998031E-3,11.8000002,
,,,384.59998369E-3,12.0000000,
,,,384.79998708E-3,11.8000002,
,,,384.99999046E-3,12.0000000,
,,,385.19999385E-3,12.0000000,
,,,385.39999723E-3,11.8000002,
,,,385.60000062E-3,11.8000002,
,,,385.80000401E-3,11.8000002,
,,,385.99997759E-3,11.8000002,
,,,386.19998097E-3,12.0000000,
,,,386.39998436E-3,11.8000002,
,,,386.59998775E-3,11.8000002,
,,,386.79999113E-3,11.8000002,
,,,386.99999452E-3,12.0000000,
,,,387.19999790E-3,12.0000000,
,,,387.40000129E-3,11.8000002,
,,,387.60000467E-3,12.0000000,
,,,387.79997826E-3,11.8000002,
,,,387.99998164E-3,11.8000002,
,,,388.19998503E-3,12.0000000,
,,,388.39998841E-3,12.0000000,
,,,388.59999180E-3,11.8000002,
,,,388.79999518E-3,11.8000002,
,,,388.99999857E-3,12.0000000,
,,,389.20000196E-3,12.0000000,
,,,389.40000534E-3,12.0000000,
,,,389.59997892E-3,12.0000000,
,,,389.79998231E-3,12.0000000,
,,,389.99998569E-3,12.0000000,
,,,390.19998908E-3,12.0000000,
,,,390.39999247E-3,12.0000000,
,,,390.59999585E-3,11.8000002,
,,,390.79999924E-3,12.0000000,
,,,391.00000262E-3,12.0000000,
,,,391.19997621E-3,12.0000000,
,,,391.39997959E-3,12.0000000,
,,,391.59998298E-3,12.0000000,
,,,391.79998636E-3,12.0000000,
,,,391.99998975E-3,12.0000000,
,,,392.19999313E-3,12.0000000,
,,,392.39999652E-3,12.0000000,
,,,392.59999990E-3,12.0000000,
,,,392.80000329E-3,12.0000000,
,,,392.99997687E-3,12.0000000,
,,,393.19998026E-3,12.0000000,
,,,393.39998364E-3,12.0000000,
,,,393.59998703E-3,12.0000000,
,,,393.79999042E-3,12.0000000,
,,,393.99999380E-3,12.0000000,
,,,394.19999719E-3,12.0000000,
,,,394.40000057E-3,12.0000000,
,,,394.60000396E-3,12.0000000,
,,,394.79997754E-3,12.0000000,
,,,394.99998093E-3,12.0000000,
,,,395.19998431E-3,12.0000000,
,,,395.39998770E-3,12.0000000,
,,,395.59999108E-3,12.0000000,
,,,395.79999447E-3,12.0000000,
,,,395.99999785E-3,12.0000000,
,,,396.20000124E-3,12.0000000,
,,,396.40000463E-3,12.0000000,
,,,396.59997821E-3,12.0000000,
,,,396.79998159E-3,12.0000000,
,,,396.99998498E-3,12.0000000,
,,,397.19998837E-3,12.0000000,
,,,397.39999175E-3,12.0000000,
,,,397.59999514E-3,12.0000000,
,,,397.79999852E-3,12.0000000,
,,,398.00000191E-3,12.0000000,
,,,398.20000529E-3,12.0000000,
,,,398.39997888E-3,12.0000000,
,,,398.59998226E-3,12.0000000,
,,,398.79998565E-3,12.0000000,
,,,398.99998903E-3,12.0000000,
,,,399.19999242E-3,12.0000000,
,,,399.39999580E-3,12.0000000,
,,,399.59999919E-3,12.0000000,
,,,399.80000257E-3,12.0000000,
,,,399.99997616E-3,12.0000000,
,,,400.19997954E-3,12.0000000,
,,,400.39998293E-3,12.0000000,
,,,400.59998631E-3,12.0000000,
,,,400.79998970E-3,12.0000000,
,,,400.99999309E-3,12.0000000,
,,,401.19999647E-3,12.0000000,
,,,401.39999986E-3,12.0000000,
,,,401.60000324E-3,12.0000000,
,,,401.79997683E-3,12.0000000,
,,,401.99998021E-3,12.0000000,
,,,402.19998360E-3,12.0000000,
,,,402.39998698E-3,12.0000000,
,,,402.59999037E-3,12.0000000,
,,,402.79999375E-3,12.0000000,
,,,402.99999714E-3,12.0000000,
,,,403.20000052E-3,12.0000000,
,,,403.40000391E-3,12.0000000,
,,,403.599977493E-3,12.0000000,
,,,403.799980879E-3,12.0000000,
,,,403.999984264E-3,12.0000000,
,,,404.199987650E-3,12.0000000,
,,,404.399991035E-3,12.0000000,
,,,404.599994421E-3,12.0000000,
,,,404.799997807E-3,12.0000000,
,,,405.000001192E-3,12.0000000,
,,,405.200004578E-3,12.0000000,
,,,405.399978161E-3,12.0000000,
,,,405.599981546E-3,12.0000000,
,,,405.799984932E-3,12.0000000,
,,,405.999988317E-3,12.0000000,
,,,406.199991703E-3,12.0000000,
,,,406.399995089E-3,12.0000000,
,,,406.599998474E-3,12.0000000,
,,,406.800001860E-3,12.0000000,
,,,406.999975443E-3,12.0000000,
,,,407.199978828E-3,12.0000000,
,,,407.399982214E-3,12.0000000,
,,,407.599985600E-3,12.0000000,
,,,407.799988985E-3,12.0000000,
,,,407.999992371E-3,12.0000000,
,,,408.199995756E-3,12.0000000,
,,,408.399999142E-3,12.0000000,
,,,408.600002527E-3,12.0000000,
,,,408.799976110E-3,12.0000000,
,,,408.999979496E-3,12.0000000,
,,,409.199982882E-3,12.0000000,
,,,409.399986267E-3,12.0000000,
,,,409.599989653E-3,12.0000000,
,,,409.799993038E-3,12.0000000,
,,,409.999996424E-3,12.0000000,
,,,410.199999809E-3,12.0000000,
,,,410.400003195E-3,12.0000000,
,,,410.599976778E-3,11.8000002,
,,,410.799980164E-3,12.0000000,
,,,410.999983549E-3,12.0000000,
,,,411.199986935E-3,12.0000000,
,,,411.399990320E-3,11.8000002,
,,,411.599993706E-3,12.0000000,
,,,411.799997091E-3,12.0000000,
,,,412.000000477E-3,12.0000000,
,,,412.200003862E-3,12.0000000,
,,,412.399977446E-3,12.0000000,
,,,412.599980831E-3,12.0000000,
,,,412.799984217E-3,12.0000000,
,,,412.999987602E-3,12.0000000,
,,,413.199990988E-3,12.0000000,
,,,413.399994373E-3,12.0000000,
,,,413.599997759E-3,12.0000000,
,,,413.800001144E-3,12.0000000,
,,,414.000004530E-3,12.0000000,
,,,414.199978113E-3,12.0000000,
,,,414.399981499E-3,12.0000000,
,,,414.599984884E-3,12.0000000,
,,,414.799988270E-3,12.0000000,
,,,414.999991655E-3,12.0000000,
,,,415.199995041E-3,12.0000000,
,,,415.399998426E-3,12.0000000,
,,,415.600001812E-3,12.0000000,
,,,415.799975395E-3,12.0000000,
,,,415.999978781E-3,12.0000000,
,,,416.199982166E-3,12.0000000,
,,,416.399985552E-3,12.0000000,
,,,416.599988937E-3,12.0000000,
,,,416.799992323E-3,12.0000000,
,,,416.999995708E-3,12.0000000,
,,,417.199999094E-3,12.0000000,
,,,417.400002480E-3,12.0000000,
,,,417.599976063E-3,12.0000000,
,,,417.799979448E-3,12.0000000,
,,,417.999982834E-3,12.0000000,
,,,418.199986219E-3,12.0000000,
,,,418.399989605E-3,12.0000000,
,,,418.599992990E-3,12.0000000,
,,,418.799996376E-3,12.0000000,
,,,418.999999762E-3,12.0000000,
,,,419.200003147E-3,12.0000000,
,,,419.399976730E-3,12.0000000,
,,,419.599980116E-3,12.0000000,
,,,419.799983501E-3,12.0000000,
,,,419.999986887E-3,12.0000000,
,,,420.199990273E-3,12.0000000,
,,,420.399993658E-3,12.0000000,
,,,420.599997044E-3,12.0000000,
,,,420.800000429E-3,12.0000000,
,,,421.000003815E-3,12.0000000,
,,,421.199977398E-3,12.0000000,
,,,421.399980783E-3,12.0000000,
,,,421.599984169E-3,12.0000000,
,,,421.799987555E-3,12.0000000,
,,,421.999990940E-3,12.0000000,
,,,422.199994326E-3,12.0000000,
,,,422.399997711E-3,12.0000000,
,,,422.600001097E-3,12.0000000,
,,,422.800004482E-3,12.0000000,
,,,422.999978065E-3,12.0000000,
,,,423.199981451E-3,12.0000000,
,,,423.399984837E-3,12.0000000,
,,,423.599988222E-3,12.0000000,
,,,423.799991608E-3,12.0000000,
,,,423.999994993E-3,12.0000000,
,,,424.199998379E-3,12.0000000,
,,,424.400001764E-3,12.0000000,
,,,424.599975348E-3,12.0000000,
,,,424.799978733E-3,12.0000000,
,,,424.999982119E-3,12.0000000,
,,,425.199985504E-3,12.0000000,
,,,425.399988890E-3,12.0000000,
,,,425.599992275E-3,12.0000000,
,,,425.799995661E-3,12.0000000,
,,,425.999999046E-3,12.0000000,
,,,426.200002432E-3,12.0000000,
,,,426.399976015E-3,12.0000000,
,,,426.599979401E-3,12.0000000,
,,,426.799982786E-3,12.0000000,
,,,426.999986172E-3,12.0000000,
,,,427.199989557E-3,12.1999998,
,,,427.399992943E-3,12.0000000,
,,,427.599996328E-3,12.0000000,
,,,427.799999714E-3,12.0000000,
,,,428.000003099E-3,12.0000000,
,,,428.199976683E-3,12.0000000,
,,,428.399980068E-3,12.0000000,
,,,428.599983454E-3,12.0000000,
,,,428.799986839E-3,12.0000000,
,,,428.999990225E-3,12.0000000,
,,,429.199993610E-3,12.0000000,
,,,429.399996996E-3,12.0000000,
,,,429.600000381E-3,12.0000000,
,,,429.800003767E-3,12.0000000,
,,,429.999977350E-3,12.0000000,
,,,430.199980736E-3,12.0000000,
,,,430.399984121E-3,12.0000000,
,,,430.599987507E-3,12.0000000,
,,,430.799990892E-3,12.0000000,
,,,430.999994278E-3,12.0000000,
,,,431.199997663E-3,12.0000000,
,,,431.400001049E-3,12.0000000,
,,,431.600004435E-3,12.0000000,
,,,431.799978018E-3,12.0000000,
,,,431.999981403E-3,12.0000000,
,,,432.199984789E-3,12.0000000,
,,,432.399988174E-3,12.0000000,
,,,432.599991560E-3,12.0000000,
,,,432.799994946E-3,12.0000000,
,,,432.999998331E-3,12.0000000,
,,,433.200001717E-3,12.0000000,
,,,433.399975300E-3,12.0000000,
,,,433.599978685E-3,12.0000000,
,,,433.799982071E-3,12.0000000,
,,,433.999985456E-3,12.0000000,
,,,434.199988842E-3,12.0000000,
,,,434.399992228E-3,12.0000000,
,,,434.599995613E-3,12.0000000,
,,,434.799998999E-3,12.0000000,
,,,435.000002384E-3,12.0000000,
,,,435.199975967E-3,12.0000000,
,,,435.399979353E-3,12.0000000,
,,,435.599982738E-3,12.0000000,
,,,435.799986124E-3,12.0000000,
,,,435.999989510E-3,12.0000000,
,,,436.199992895E-3,12.0000000,
,,,436.399996281E-3,12.0000000,
,,,436.599999666E-3,12.0000000,
,,,436.800003052E-3,12.0000000,
,,,436.999976635E-3,12.0000000,
,,,437.199980021E-3,12.0000000,
,,,437.399983406E-3,12.0000000,
,,,437.599986792E-3,12.0000000,
,,,437.799990177E-3,12.0000000,
,,,437.999993563E-3,12.0000000,
,,,438.199996948E-3,12.0000000,
,,,438.400000334E-3,12.0000000,
,,,438.600003719E-3,12.0000000,
,,,438.799977303E-3,12.0000000,
,,,438.999980688E-3,12.0000000,
,,,439.199984074E-3,12.0000000,
,,,439.399987459E-3,12.0000000,
,,,439.599990845E-3,12.0000000,
,,,439.799994230E-3,12.0000000,
,,,439.999997616E-3,12.0000000,
,,,440.200001001E-3,12.0000000,
,,,440.399974585E-3,12.0000000,
,,,440.599977970E-3,12.0000000,
,,,440.799981356E-3,12.0000000,
,,,440.999984741E-3,12.0000000,
,,,441.199988127E-3,12.0000000,
,,,441.399991512E-3,12.0000000,
,,,441.599994898E-3,12.0000000,
,,,441.799998283E-3,12.0000000,
,,,442.000001669E-3,12.0000000,
,,,442.199975252E-3,12.1999998,
,,,442.399978638E-3,12.0000000,
,,,442.599982023E-3,12.0000000,
,,,442.799985409E-3,12.0000000,
,,,442.999988794E-3,12.0000000,
,,,443.199992180E-3,12.0000000,
,,,443.399995565E-3,12.0000000,
,,,443.599998951E-3,12.0000000,
,,,443.800002337E-3,12.0000000,
